date,pm2_5,pm10,nitrogen_dioxide,sulphur_dioxide,carbon_monoxide,ozone,temp,humidity,wind_speed,aqi_pm25,aqi_pm10,aqi,month,day,day_of_week,pm2_5_lag_1d,pm2_5_lag_2d,aqi_lag_1d
2024-01-03,40.72,64.11,28.08,21.95,677.54,96.58,20.75,55.04,10.48,114.0,56.0,114.0,1.0,3.0,2.0,40.39,38.56,113.0
2024-01-04,38.77,61.87,16.5,15.97,495.83,106.29,19.9,45.0,17.06,109.0,54.0,109.0,1.0,4.0,3.0,40.72,40.39,114.0
2024-01-05,53.94,90.04,21.82,19.75,642.0,100.96,19.31,52.29,12.22,146.0,68.0,146.0,1.0,5.0,4.0,38.77,40.72,109.0
2024-01-06,47.54,76.74,14.2,18.46,633.21,106.88,19.72,53.12,19.18,131.0,62.0,131.0,1.0,6.0,5.0,53.94,38.77,146.0
2024-01-07,43.48,66.77,12.95,20.59,692.12,111.21,19.15,51.71,18.29,121.0,57.0,121.0,1.0,7.0,6.0,47.54,53.94,131.0
2024-01-08,44.36,67.23,28.92,22.26,914.12,104.38,19.18,55.08,12.01,123.0,57.0,123.0,1.0,8.0,0.0,43.48,47.54,121.0
2024-01-09,37.12,58.91,13.8,16.68,622.96,103.38,18.99,48.33,18.76,105.0,53.0,105.0,1.0,9.0,1.0,44.36,43.48,123.0
2024-01-10,37.12,56.47,18.86,19.7,656.5,101.83,18.26,45.71,14.03,105.0,52.0,105.0,1.0,10.0,2.0,37.12,44.36,105.0
2024-01-11,33.21,50.49,36.54,22.67,842.88,74.88,17.83,50.04,9.18,95.0,47.0,95.0,1.0,11.0,3.0,37.12,37.12,105.0
2024-01-12,37.01,55.14,54.25,27.95,866.38,59.42,18.42,49.96,9.14,105.0,51.0,105.0,1.0,12.0,4.0,33.21,37.12,95.0
2024-01-13,34.01,53.77,49.01,13.92,840.04,52.62,18.43,76.12,9.43,97.0,50.0,97.0,1.0,13.0,5.0,37.01,33.21,105.0
2024-01-14,29.63,60.12,41.17,14.54,662.88,71.71,20.47,79.62,8.04,88.0,54.0,88.0,1.0,14.0,6.0,34.01,37.01,97.0
2024-01-15,54.85,99.8,35.49,18.89,819.88,80.83,19.54,71.71,9.66,149.0,73.0,149.0,1.0,15.0,0.0,29.63,34.01,88.0
2024-01-16,25.31,67.37,28.73,7.27,438.42,66.42,22.2,78.17,12.27,79.0,57.0,79.0,1.0,16.0,1.0,54.85,29.63,149.0
2024-01-17,46.78,88.85,31.68,20.24,687.29,80.17,22.08,57.96,13.95,129.0,68.0,129.0,1.0,17.0,2.0,25.31,54.85,79.0
2024-01-18,61.12,96.7,26.12,25.98,871.42,111.96,20.62,51.71,11.89,154.0,72.0,154.0,1.0,18.0,3.0,46.78,25.31,129.0
2024-01-19,54.07,86.82,46.93,30.67,1053.54,100.71,20.06,48.92,10.35,147.0,67.0,147.0,1.0,19.0,4.0,61.12,46.78,154.0
2024-01-20,55.86,93.49,49.95,22.88,1182.25,89.0,20.42,78.04,8.49,151.0,70.0,151.0,1.0,20.0,5.0,54.07,61.12,147.0
2024-01-21,50.72,86.92,53.51,24.52,1013.38,80.42,21.13,62.38,10.5,138.0,67.0,138.0,1.0,21.0,6.0,55.86,54.07,151.0
2024-01-22,52.31,90.92,48.75,20.53,1023.21,79.71,20.18,66.33,9.55,142.0,69.0,142.0,1.0,22.0,0.0,50.72,55.86,138.0
2024-01-23,42.88,80.89,34.48,16.95,659.17,79.79,20.6,68.62,10.06,119.0,64.0,119.0,1.0,23.0,1.0,52.31,50.72,142.0
2024-01-24,54.45,98.59,35.0,27.28,828.96,88.71,18.76,59.92,9.54,148.0,73.0,148.0,1.0,24.0,2.0,42.88,52.31,119.0
2024-01-25,59.6,105.92,47.52,23.09,1041.5,71.5,19.13,70.04,9.88,153.0,76.0,153.0,1.0,25.0,3.0,54.45,42.88,148.0
2024-01-26,54.82,92.44,34.84,21.04,804.54,88.04,20.22,60.21,13.2,149.0,70.0,149.0,1.0,26.0,4.0,59.6,54.45,153.0
2024-01-27,60.23,96.16,26.64,21.71,869.21,109.46,20.5,50.29,15.04,153.0,71.0,153.0,1.0,27.0,5.0,54.82,59.6,149.0
2024-01-28,54.33,90.81,21.52,19.78,823.0,100.29,19.41,65.88,11.18,147.0,69.0,147.0,1.0,28.0,6.0,60.23,54.82,153.0
2024-01-29,23.88,50.06,18.9,5.96,357.04,75.83,22.78,75.54,12.65,76.0,46.0,76.0,1.0,29.0,0.0,54.33,60.23,147.0
2024-01-30,24.22,74.54,24.12,7.26,375.12,63.38,22.12,80.96,8.87,76.0,61.0,76.0,1.0,30.0,1.0,23.88,54.33,76.0
2024-01-31,22.5,61.41,20.55,6.3,344.62,71.12,22.72,79.58,12.11,73.0,54.0,73.0,1.0,31.0,2.0,24.22,23.88,76.0
2024-02-01,27.92,87.57,22.7,9.95,384.08,78.29,22.87,62.92,10.88,84.0,67.0,84.0,2.0,1.0,3.0,22.5,24.22,73.0
2024-02-02,40.77,134.67,27.67,11.32,409.92,59.79,23.18,73.25,6.35,114.0,90.0,114.0,2.0,2.0,4.0,27.92,22.5,84.0
2024-02-03,35.24,91.79,32.36,10.67,519.0,46.29,21.85,76.33,17.53,100.0,69.0,100.0,2.0,3.0,5.0,40.77,27.92,114.0
2024-02-04,24.11,79.16,20.28,5.21,321.17,71.0,22.84,79.54,12.99,76.0,63.0,76.0,2.0,4.0,6.0,35.24,40.77,100.0
2024-02-05,26.34,48.83,27.38,11.32,481.38,79.0,21.41,77.38,11.12,81.0,45.0,81.0,2.0,5.0,0.0,24.11,35.24,76.0
2024-02-06,24.36,53.72,26.5,10.25,451.08,84.08,21.5,73.0,10.45,77.0,50.0,77.0,2.0,6.0,1.0,26.34,24.11,81.0
2024-02-07,31.97,68.64,21.11,11.82,445.54,79.38,22.52,60.33,12.65,93.0,58.0,93.0,2.0,7.0,2.0,24.36,26.34,77.0
2024-02-08,28.35,52.65,24.01,13.42,482.04,89.92,20.75,44.17,15.01,85.0,49.0,85.0,2.0,8.0,3.0,31.97,24.36,93.0
2024-02-09,26.86,53.35,32.55,11.87,575.83,74.96,19.39,55.21,10.5,82.0,49.0,82.0,2.0,9.0,4.0,28.35,31.97,85.0
2024-02-10,25.3,53.36,30.27,11.03,496.79,85.04,21.3,66.5,10.93,79.0,49.0,79.0,2.0,10.0,5.0,26.86,28.35,82.0
2024-02-11,25.73,44.95,27.98,13.35,483.96,88.21,21.38,41.04,10.8,80.0,42.0,80.0,2.0,11.0,6.0,25.3,26.86,79.0
2024-02-12,32.77,50.9,36.23,16.04,624.33,84.75,21.55,38.88,12.25,94.0,47.0,94.0,2.0,12.0,0.0,25.73,25.3,80.0
2024-02-13,38.82,64.32,45.88,21.24,752.5,69.0,21.22,45.92,8.33,109.0,56.0,109.0,2.0,13.0,1.0,32.77,25.73,94.0
2024-02-14,43.79,73.55,50.07,20.42,938.88,68.42,21.25,49.88,10.62,121.0,60.0,121.0,2.0,14.0,2.0,38.82,32.77,109.0
2024-02-15,48.2,79.58,51.82,17.63,955.04,71.62,21.35,54.25,10.26,132.0,63.0,132.0,2.0,15.0,3.0,43.79,38.82,121.0
2024-02-16,36.86,60.19,52.72,17.28,863.21,65.12,22.22,39.62,12.48,104.0,54.0,104.0,2.0,16.0,4.0,48.2,43.79,132.0
2024-02-17,30.86,50.01,44.56,15.1,730.0,70.92,21.98,45.96,11.89,90.0,46.0,90.0,2.0,17.0,5.0,36.86,48.2,104.0
2024-02-18,15.05,27.9,13.01,5.4,289.42,86.5,23.08,74.17,21.43,57.0,26.0,57.0,2.0,18.0,6.0,30.86,36.86,90.0
2024-02-19,17.84,44.53,8.98,3.75,254.33,95.42,24.68,75.88,26.52,63.0,41.0,63.0,2.0,19.0,0.0,15.05,30.86,57.0
2024-02-20,20.8,49.03,11.39,4.77,258.17,99.33,23.52,75.08,17.19,69.0,45.0,69.0,2.0,20.0,1.0,17.84,15.05,63.0
2024-02-21,19.73,55.63,13.17,5.02,289.88,105.62,23.39,69.62,18.52,67.0,51.0,67.0,2.0,21.0,2.0,20.8,17.84,69.0
2024-02-22,18.83,68.15,22.14,8.06,372.38,84.75,23.21,40.38,13.46,65.0,58.0,65.0,2.0,22.0,3.0,19.73,20.8,67.0
2024-02-23,29.91,87.19,36.75,14.75,636.75,86.21,20.9,37.46,10.65,88.0,67.0,88.0,2.0,23.0,4.0,18.83,19.73,65.0
2024-02-24,19.2,64.54,17.83,10.09,338.88,98.12,22.33,53.79,10.85,66.0,56.0,66.0,2.0,24.0,5.0,29.91,18.83,88.0
2024-02-25,23.25,53.19,26.48,13.54,478.25,77.5,22.79,39.96,14.12,74.0,49.0,74.0,2.0,25.0,6.0,19.2,29.91,66.0
2024-02-26,21.69,48.69,8.32,10.13,287.08,111.42,23.32,29.42,28.39,71.0,45.0,71.0,2.0,26.0,0.0,23.25,19.2,74.0
2024-02-27,34.83,69.88,8.84,12.44,334.62,106.67,21.46,46.54,30.77,99.0,58.0,99.0,2.0,27.0,1.0,21.69,23.25,71.0
2024-02-28,27.39,62.66,13.59,13.66,386.04,110.58,22.98,41.21,19.01,83.0,55.0,83.0,2.0,28.0,2.0,34.83,21.69,99.0
2024-02-29,23.58,61.84,16.98,13.06,401.92,106.67,24.0,42.5,12.21,75.0,54.0,75.0,2.0,29.0,3.0,27.39,34.83,83.0
2024-03-01,25.38,63.49,21.8,9.03,445.12,88.04,21.35,72.21,10.12,79.0,55.0,79.0,3.0,1.0,4.0,23.58,27.39,75.0
2024-03-02,21.02,83.4,8.91,6.9,240.25,81.08,17.57,50.21,23.12,70.0,65.0,70.0,3.0,2.0,5.0,25.38,23.58,79.0
2024-03-03,33.8,119.99,12.2,10.46,262.25,87.04,16.02,39.17,18.44,97.0,83.0,97.0,3.0,3.0,6.0,21.02,25.38,70.0
2024-03-04,29.39,79.82,21.76,15.63,421.38,83.75,17.46,46.33,10.37,87.0,63.0,87.0,3.0,4.0,0.0,33.8,21.02,97.0
2024-03-05,22.32,46.4,21.36,14.37,403.83,84.42,19.94,28.88,14.65,73.0,43.0,73.0,3.0,5.0,1.0,29.39,33.8,87.0
2024-03-06,21.05,49.43,15.8,15.25,362.21,105.46,20.36,36.75,12.08,70.0,46.0,70.0,3.0,6.0,2.0,22.32,29.39,73.0
2024-03-07,22.35,60.06,16.49,11.32,332.58,98.79,22.52,57.46,12.34,73.0,54.0,73.0,3.0,7.0,3.0,21.05,22.32,70.0
2024-03-08,28.26,56.23,24.43,16.32,487.54,97.79,22.79,48.54,11.72,85.0,52.0,85.0,3.0,8.0,4.0,22.35,21.05,73.0
2024-03-09,32.16,60.36,28.29,16.57,537.12,95.42,23.31,40.33,12.43,93.0,54.0,93.0,3.0,9.0,5.0,28.26,22.35,85.0
2024-03-10,43.98,90.81,34.82,22.89,631.29,84.79,21.76,49.54,10.97,122.0,69.0,122.0,3.0,10.0,6.0,32.16,28.26,93.0
2024-03-11,22.93,56.3,14.85,8.11,326.08,86.75,22.68,70.71,13.68,74.0,52.0,74.0,3.0,11.0,0.0,43.98,32.16,122.0
2024-03-12,18.38,38.7,15.82,8.35,302.5,75.5,23.08,81.79,13.32,64.0,36.0,64.0,3.0,12.0,1.0,22.93,43.98,74.0
2024-03-13,26.13,91.02,11.66,6.1,248.04,84.75,24.91,57.5,20.58,81.0,69.0,81.0,3.0,13.0,2.0,18.38,22.93,64.0
2024-03-14,42.98,130.56,19.52,13.51,358.67,91.08,23.6,29.92,16.99,119.0,88.0,119.0,3.0,14.0,3.0,26.13,18.38,81.0
2024-03-15,24.95,48.15,24.63,10.25,418.54,89.33,24.44,35.71,13.34,78.0,45.0,78.0,3.0,15.0,4.0,42.98,26.13,119.0
2024-03-16,25.85,59.89,22.4,10.0,378.58,92.38,24.94,35.83,14.28,80.0,53.0,80.0,3.0,16.0,5.0,24.95,42.98,78.0
2024-03-17,19.94,48.14,17.95,10.78,338.21,101.67,26.52,28.83,13.63,67.0,45.0,67.0,3.0,17.0,6.0,25.85,24.95,80.0
2024-03-18,22.18,49.19,20.86,12.81,390.0,106.0,26.5,36.5,12.81,72.0,46.0,72.0,3.0,18.0,0.0,19.94,25.85,67.0
2024-03-19,16.65,54.86,18.97,6.98,328.33,76.92,26.62,55.75,15.25,61.0,51.0,61.0,3.0,19.0,1.0,22.18,19.94,72.0
2024-03-20,22.91,72.43,25.68,9.32,440.71,84.79,25.8,66.42,12.43,74.0,60.0,74.0,3.0,20.0,2.0,16.65,22.18,61.0
2024-03-21,25.62,61.34,17.04,5.94,311.04,78.5,26.64,53.21,17.49,79.0,54.0,79.0,3.0,21.0,3.0,22.91,16.65,74.0
2024-03-22,23.92,56.09,11.35,5.11,266.83,90.42,26.3,69.67,21.0,76.0,52.0,76.0,3.0,22.0,4.0,25.62,22.91,79.0
2024-03-23,22.18,71.01,13.12,5.42,253.42,76.38,25.93,80.75,17.54,72.0,59.0,72.0,3.0,23.0,5.0,23.92,25.62,76.0
2024-03-24,20.6,58.06,13.82,4.98,250.54,71.12,26.76,72.83,18.08,69.0,53.0,69.0,3.0,24.0,6.0,22.18,23.92,72.0
2024-03-25,20.29,56.15,18.93,7.57,334.5,84.58,27.08,67.33,15.14,68.0,52.0,68.0,3.0,25.0,0.0,20.6,22.18,69.0
2024-03-26,17.42,40.69,15.37,5.6,287.25,70.29,27.62,66.25,16.51,62.0,38.0,62.0,3.0,26.0,1.0,20.29,20.6,68.0
2024-03-27,19.31,61.43,13.47,5.35,259.88,75.75,26.95,72.96,17.33,66.0,54.0,66.0,3.0,27.0,2.0,17.42,20.29,62.0
2024-03-28,12.39,41.61,14.73,5.5,282.42,105.96,27.69,56.04,19.13,52.0,39.0,52.0,3.0,28.0,3.0,19.31,17.42,66.0
2024-03-29,23.92,78.92,12.92,5.98,275.04,107.04,25.27,67.54,17.58,76.0,63.0,76.0,3.0,29.0,4.0,12.39,19.31,52.0
2024-03-30,30.19,107.82,9.01,4.5,225.25,96.21,25.31,70.92,21.9,89.0,77.0,89.0,3.0,30.0,5.0,23.92,12.39,76.0
2024-03-31,46.72,159.02,16.7,9.88,325.67,105.62,27.09,54.46,13.53,129.0,103.0,129.0,3.0,31.0,6.0,30.19,23.92,89.0
2024-04-01,31.68,96.08,18.25,8.92,334.96,93.33,25.96,61.79,14.42,92.0,71.0,92.0,4.0,1.0,0.0,46.72,30.19,129.0
2024-04-02,22.71,59.82,9.94,5.21,225.46,102.58,26.21,72.08,19.2,73.0,53.0,73.0,4.0,2.0,1.0,31.68,46.72,92.0
2024-04-03,33.3,108.53,11.79,6.62,297.42,126.67,26.12,78.38,17.58,96.0,77.0,96.0,4.0,3.0,2.0,22.71,31.68,73.0
2024-04-04,17.5,56.44,14.14,5.88,282.5,111.12,26.68,67.33,17.67,62.0,52.0,62.0,4.0,4.0,3.0,33.3,22.71,96.0
2024-04-05,17.48,57.01,11.87,5.53,261.25,111.62,27.25,58.12,21.16,62.0,52.0,62.0,4.0,5.0,4.0,17.5,33.3,62.0
2024-04-06,15.3,49.0,12.02,5.76,263.46,119.21,26.71,60.25,19.76,58.0,45.0,58.0,4.0,6.0,5.0,17.48,17.5,62.0
2024-04-07,19.14,51.16,16.92,6.56,306.96,100.12,26.41,75.79,17.11,66.0,47.0,66.0,4.0,7.0,6.0,15.3,17.48,58.0
2024-04-08,19.37,52.28,18.88,6.47,345.21,100.08,27.17,67.92,13.65,66.0,48.0,66.0,4.0,8.0,0.0,19.14,15.3,66.0
2024-04-09,13.9,33.46,17.17,5.73,312.83,84.04,27.86,56.58,17.54,55.0,31.0,55.0,4.0,9.0,1.0,19.37,19.14,66.0
2024-04-10,17.08,40.63,14.92,6.13,265.75,61.21,26.57,76.04,16.08,61.0,38.0,61.0,4.0,10.0,2.0,13.9,19.37,55.0
2024-04-11,17.78,45.78,17.46,6.6,289.21,79.33,26.25,80.21,12.15,63.0,42.0,63.0,4.0,11.0,3.0,17.08,13.9,61.0
2024-04-12,13.38,35.54,15.1,6.38,260.79,69.88,26.95,76.71,16.99,54.0,33.0,54.0,4.0,12.0,4.0,17.78,17.08,63.0
2024-04-13,14.41,45.93,13.42,5.42,225.42,61.04,27.88,77.62,14.63,56.0,43.0,56.0,4.0,13.0,5.0,13.38,17.78,54.0
2024-04-14,25.63,111.98,21.41,14.49,291.71,51.83,26.58,80.5,7.53,79.0,79.0,79.0,4.0,14.0,6.0,14.41,13.38,56.0
2024-04-15,22.35,73.21,19.06,8.47,314.21,57.71,26.36,75.92,10.99,73.0,60.0,73.0,4.0,15.0,0.0,25.63,14.41,79.0
2024-04-16,21.68,72.06,17.06,14.82,288.12,71.12,28.07,73.0,12.61,71.0,59.0,71.0,4.0,16.0,1.0,22.35,25.63,73.0
2024-04-17,24.6,62.84,20.37,14.2,349.04,83.12,28.84,56.54,10.53,77.0,55.0,77.0,4.0,17.0,2.0,21.68,22.35,71.0
2024-04-18,22.79,86.12,9.66,5.31,189.96,63.92,27.2,78.08,18.28,73.0,66.0,73.0,4.0,18.0,3.0,24.6,21.68,77.0
2024-04-19,25.62,57.39,6.31,3.92,206.71,113.21,26.68,70.67,26.15,79.0,52.0,79.0,4.0,19.0,4.0,22.79,24.6,73.0
2024-04-20,21.69,48.68,8.25,4.58,231.42,111.21,27.74,66.12,21.3,71.0,45.0,71.0,4.0,20.0,5.0,25.62,22.79,79.0
2024-04-21,23.31,54.32,9.19,4.79,233.71,98.92,27.5,71.62,21.79,75.0,51.0,75.0,4.0,21.0,6.0,21.69,25.62,71.0
2024-04-22,20.46,57.55,8.47,4.09,196.04,70.5,27.53,75.54,23.85,69.0,52.0,69.0,4.0,22.0,0.0,23.31,21.69,75.0
2024-04-23,19.8,56.55,9.14,4.52,201.42,78.79,27.31,78.67,19.8,67.0,52.0,67.0,4.0,23.0,1.0,20.46,23.31,69.0
2024-04-24,19.32,51.11,10.2,5.12,216.96,72.79,27.31,78.25,18.34,66.0,47.0,66.0,4.0,24.0,2.0,19.8,20.46,67.0
2024-04-25,16.59,46.14,11.09,4.7,216.21,67.75,27.38,79.08,21.09,60.0,43.0,60.0,4.0,25.0,3.0,19.32,19.8,66.0
2024-04-26,16.82,65.68,8.03,4.22,200.08,77.12,28.08,75.12,23.05,61.0,56.0,61.0,4.0,26.0,4.0,16.59,19.32,60.0
2024-04-27,15.91,60.03,10.24,4.81,219.83,75.92,27.74,76.58,19.07,59.0,53.0,59.0,4.0,27.0,5.0,16.82,16.59,61.0
2024-04-28,18.02,66.27,11.41,6.21,225.25,77.79,28.41,74.79,20.12,63.0,57.0,63.0,4.0,28.0,6.0,15.91,16.82,59.0
2024-04-29,26.88,118.33,13.52,6.3,259.79,90.0,30.62,41.92,20.31,82.0,82.0,82.0,4.0,29.0,0.0,18.02,15.91,63.0
2024-04-30,30.21,127.33,12.13,6.57,255.67,102.29,30.72,36.62,21.78,89.0,87.0,89.0,4.0,30.0,1.0,26.88,18.02,82.0
2024-05-01,35.11,146.83,13.22,9.28,257.62,100.46,29.62,20.92,20.24,99.0,96.0,99.0,5.0,1.0,2.0,30.21,26.88,89.0
2024-05-02,38.18,114.87,17.26,11.54,325.38,108.21,28.76,55.12,14.73,108.0,81.0,108.0,5.0,2.0,3.0,35.11,30.21,99.0
2024-05-03,17.51,52.98,11.58,5.72,231.08,62.0,29.05,70.92,21.97,62.0,49.0,62.0,5.0,3.0,4.0,38.18,35.11,108.0
2024-05-04,21.47,48.56,8.29,4.38,207.88,79.75,29.09,69.71,25.25,71.0,45.0,71.0,5.0,4.0,5.0,17.51,38.18,62.0
2024-05-05,18.22,48.96,7.37,3.89,191.42,64.71,28.8,74.17,22.94,64.0,45.0,64.0,5.0,5.0,6.0,21.47,17.51,71.0
2024-05-06,15.11,60.69,10.5,4.58,208.5,69.5,29.98,65.54,21.05,57.0,54.0,57.0,5.0,6.0,0.0,18.22,21.47,64.0
2024-05-07,17.72,62.09,12.7,5.65,237.25,76.33,30.08,67.04,18.74,63.0,55.0,63.0,5.0,7.0,1.0,15.11,18.22,57.0
2024-05-08,9.32,31.94,11.78,5.67,205.25,61.17,29.56,77.92,17.41,39.0,30.0,39.0,5.0,8.0,2.0,17.72,15.11,63.0
2024-05-09,9.9,33.53,10.12,5.54,194.96,55.75,29.58,79.96,18.49,41.0,31.0,41.0,5.0,9.0,3.0,9.32,17.72,39.0
2024-05-10,11.94,41.93,10.07,6.28,210.67,58.38,29.25,78.29,15.31,50.0,39.0,50.0,5.0,10.0,4.0,9.9,9.32,41.0
2024-05-11,16.37,58.64,10.42,7.28,206.58,68.29,29.18,76.0,13.95,60.0,53.0,60.0,5.0,11.0,5.0,11.94,9.9,50.0
2024-05-12,15.38,68.15,11.48,7.55,222.0,85.58,29.55,77.12,14.41,58.0,58.0,58.0,5.0,12.0,6.0,16.37,11.94,60.0
2024-05-13,19.26,100.32,12.8,8.19,225.92,79.88,29.22,79.38,13.92,66.0,73.0,73.0,5.0,13.0,0.0,15.38,16.37,58.0
2024-05-14,19.13,66.63,15.13,8.65,241.12,82.5,29.05,75.62,12.89,66.0,57.0,66.0,5.0,14.0,1.0,19.26,15.38,73.0
2024-05-15,13.99,38.88,11.38,5.92,197.46,75.42,30.56,67.29,16.54,55.0,36.0,55.0,5.0,15.0,2.0,19.13,19.26,66.0
2024-05-16,15.57,39.38,12.44,5.6,231.38,67.29,30.05,70.12,17.97,58.0,36.0,58.0,5.0,16.0,3.0,13.99,19.13,55.0
2024-05-17,16.53,48.39,11.84,4.97,231.38,68.79,30.83,69.12,19.53,60.0,45.0,60.0,5.0,17.0,4.0,15.57,13.99,58.0
2024-05-18,11.09,27.88,11.19,4.75,219.0,66.62,31.29,67.38,19.99,46.0,26.0,46.0,5.0,18.0,5.0,16.53,15.57,60.0
2024-05-19,8.52,25.05,10.47,5.15,186.29,53.21,30.1,75.5,18.95,36.0,23.0,36.0,5.0,19.0,6.0,11.09,16.53,46.0
2024-05-20,10.32,37.36,8.95,4.38,186.08,60.25,30.9,75.58,22.58,43.0,35.0,43.0,5.0,20.0,0.0,8.52,11.09,36.0
2024-05-21,14.65,65.62,9.67,4.82,206.17,67.88,31.35,73.83,21.7,56.0,56.0,56.0,5.0,21.0,1.0,10.32,8.52,43.0
2024-05-22,14.9,56.18,10.23,5.13,211.29,70.83,31.55,70.75,22.84,57.0,52.0,57.0,5.0,22.0,2.0,14.65,10.32,56.0
2024-05-23,14.98,46.48,10.36,5.08,212.04,71.62,30.93,74.08,20.76,57.0,43.0,57.0,5.0,23.0,3.0,14.9,14.65,57.0
2024-05-24,13.59,37.0,10.07,5.67,188.04,75.83,30.7,76.92,21.47,54.0,34.0,54.0,5.0,24.0,4.0,14.98,14.9,57.0
2024-05-25,17.55,58.13,10.63,5.84,188.25,79.67,30.68,79.04,19.25,62.0,53.0,62.0,5.0,25.0,5.0,13.59,14.98,54.0
2024-05-26,18.65,56.13,8.72,4.75,178.79,71.88,30.92,77.46,22.2,65.0,52.0,65.0,5.0,26.0,6.0,17.55,13.59,62.0
2024-05-27,22.09,71.29,7.3,4.05,163.83,69.42,30.93,78.12,26.85,72.0,59.0,72.0,5.0,27.0,0.0,18.65,17.55,65.0
2024-05-28,18.78,56.03,6.31,3.47,155.42,65.42,31.2,75.25,30.3,65.0,52.0,65.0,5.0,28.0,1.0,22.09,18.65,72.0
2024-05-29,20.89,82.38,7.88,3.78,179.33,75.67,32.85,63.54,30.64,69.0,65.0,69.0,5.0,29.0,2.0,18.78,22.09,65.0
2024-05-30,18.33,64.31,9.6,5.16,189.96,76.42,32.9,67.54,21.35,64.0,56.0,64.0,5.0,30.0,3.0,20.89,18.78,69.0
2024-05-31,20.02,87.17,8.58,5.86,186.12,73.42,30.81,79.54,20.23,68.0,67.0,68.0,5.0,31.0,4.0,18.33,20.89,64.0
2024-06-01,42.78,204.33,10.25,5.41,214.25,86.46,31.92,68.38,17.02,119.0,125.0,125.0,6.0,1.0,5.0,20.02,18.33,68.0
2024-06-02,16.9,56.03,7.81,5.63,171.62,63.79,30.45,78.46,18.18,61.0,52.0,61.0,6.0,2.0,6.0,42.78,20.02,125.0
2024-06-03,15.93,78.12,7.09,5.11,156.54,61.5,30.02,74.42,19.78,59.0,62.0,62.0,6.0,3.0,0.0,16.9,42.78,61.0
2024-06-04,19.04,71.67,5.45,3.8,137.38,63.5,30.02,72.0,26.33,66.0,59.0,66.0,6.0,4.0,1.0,15.93,16.9,62.0
2024-06-05,20.1,72.65,5.24,3.48,139.12,60.42,30.16,70.71,28.86,68.0,60.0,68.0,6.0,5.0,2.0,19.04,15.93,66.0
2024-06-06,21.63,67.04,5.71,3.76,142.88,59.96,30.43,74.33,25.05,71.0,57.0,71.0,6.0,6.0,3.0,20.1,19.04,68.0
2024-06-07,19.59,71.77,6.88,4.73,164.04,61.21,30.45,73.12,21.25,67.0,59.0,67.0,6.0,7.0,4.0,21.63,20.1,71.0
2024-06-08,16.34,61.71,7.12,4.4,159.67,57.58,30.43,73.67,23.35,60.0,54.0,60.0,6.0,8.0,5.0,19.59,21.63,67.0
2024-06-09,14.05,50.6,7.48,4.55,152.62,58.62,30.36,75.21,21.91,55.0,47.0,55.0,6.0,9.0,6.0,16.34,19.59,60.0
2024-06-10,15.5,49.73,6.67,4.25,147.5,60.17,30.35,76.21,25.34,58.0,46.0,58.0,6.0,10.0,0.0,14.05,16.34,55.0
2024-06-11,18.19,46.87,6.11,3.91,154.12,62.67,30.44,73.38,26.65,64.0,43.0,64.0,6.0,11.0,1.0,15.5,14.05,58.0
2024-06-12,19.28,45.06,5.65,3.74,152.21,63.08,30.68,71.29,27.07,66.0,42.0,66.0,6.0,12.0,2.0,18.19,15.5,64.0
2024-06-13,21.44,53.95,5.53,3.72,155.04,64.96,30.87,70.54,25.96,71.0,50.0,71.0,6.0,13.0,3.0,19.28,18.19,66.0
2024-06-14,21.35,66.98,5.82,4.05,145.38,62.88,30.92,72.92,22.96,70.0,57.0,70.0,6.0,14.0,4.0,21.44,19.28,71.0
2024-06-15,19.6,70.72,7.35,5.1,158.75,62.29,30.99,74.17,17.78,67.0,59.0,67.0,6.0,15.0,5.0,21.35,21.44,70.0
2024-06-16,20.65,70.39,7.72,5.24,181.54,65.33,31.02,73.75,20.35,69.0,59.0,69.0,6.0,16.0,6.0,19.6,21.35,67.0
2024-06-17,19.93,97.55,7.45,5.14,175.96,63.67,30.88,70.83,19.34,67.0,72.0,72.0,6.0,17.0,0.0,20.65,19.6,69.0
2024-06-18,15.86,57.54,5.97,4.21,150.71,58.75,31.2,69.71,22.61,59.0,52.0,59.0,6.0,18.0,1.0,19.93,20.65,72.0
2024-06-19,18.24,85.37,6.75,4.53,156.33,64.21,31.1,75.58,23.49,64.0,66.0,66.0,6.0,19.0,2.0,15.86,19.93,59.0
2024-06-20,30.56,134.48,9.2,5.36,176.92,72.71,31.05,81.29,23.26,90.0,90.0,90.0,6.0,20.0,3.0,18.24,15.86,66.0
2024-06-21,28.64,129.78,8.45,5.73,169.92,68.88,31.13,79.33,19.71,86.0,88.0,88.0,6.0,21.0,4.0,30.56,18.24,90.0
2024-06-22,34.15,189.03,12.05,10.88,210.25,78.83,31.38,76.08,14.89,97.0,118.0,118.0,6.0,22.0,5.0,28.64,30.56,88.0
2024-06-23,26.55,139.2,11.2,6.65,199.04,61.96,31.65,73.96,18.56,81.0,93.0,93.0,6.0,23.0,6.0,34.15,28.64,118.0
2024-06-24,27.88,127.99,11.05,6.31,194.83,63.79,32.32,71.42,20.72,84.0,87.0,87.0,6.0,24.0,0.0,26.55,34.15,93.0
2024-06-25,26.68,111.33,11.43,7.22,190.75,72.71,31.92,74.08,22.32,82.0,79.0,82.0,6.0,25.0,1.0,27.88,26.55,87.0
2024-06-26,25.8,115.3,12.68,8.44,204.5,77.0,31.49,74.79,15.75,80.0,81.0,81.0,6.0,26.0,2.0,26.68,27.88,82.0
2024-06-27,25.6,122.1,12.7,7.67,209.04,66.46,32.26,70.71,15.77,79.0,84.0,84.0,6.0,27.0,3.0,25.8,26.68,81.0
2024-06-28,23.58,71.54,11.65,13.1,220.75,74.67,32.5,67.88,15.11,75.0,59.0,75.0,6.0,28.0,4.0,25.6,25.8,84.0
2024-06-29,15.79,34.21,11.81,13.35,221.67,71.83,32.05,71.83,18.25,59.0,32.0,59.0,6.0,29.0,5.0,23.58,25.6,75.0
2024-06-30,15.8,29.9,11.16,10.82,207.96,68.92,32.01,72.42,14.89,59.0,28.0,59.0,6.0,30.0,6.0,15.79,23.58,59.0
2024-07-01,24.33,88.01,7.39,5.51,170.33,69.04,32.33,74.12,22.62,77.0,67.0,77.0,7.0,1.0,0.0,15.8,15.79,59.0
2024-07-02,27.59,98.85,7.12,5.5,164.67,67.21,32.46,70.12,22.05,84.0,73.0,84.0,7.0,2.0,1.0,24.33,15.8,77.0
2024-07-03,22.18,93.87,6.78,5.33,154.21,58.75,32.24,73.33,22.22,72.0,70.0,72.0,7.0,3.0,2.0,27.59,24.33,84.0
2024-07-04,22.99,101.26,6.99,5.97,153.46,58.38,31.6,72.71,18.34,74.0,74.0,74.0,7.0,4.0,3.0,22.18,27.59,72.0
2024-07-05,24.78,103.82,6.92,5.9,147.38,61.12,31.44,70.5,18.94,78.0,75.0,78.0,7.0,5.0,4.0,22.99,22.18,74.0
2024-07-06,30.66,113.22,6.76,5.01,150.79,74.42,31.94,68.33,23.75,90.0,80.0,90.0,7.0,6.0,5.0,24.78,22.99,78.0
2024-07-07,34.36,125.92,8.45,5.78,174.38,77.67,32.05,75.12,25.32,98.0,86.0,98.0,7.0,7.0,6.0,30.66,24.78,90.0
2024-07-08,40.39,172.42,12.44,15.45,230.21,87.54,31.57,74.92,13.99,113.0,110.0,113.0,7.0,8.0,0.0,34.36,30.66,98.0
2024-07-09,34.9,121.11,16.62,14.16,273.04,89.58,31.57,78.04,12.98,99.0,84.0,99.0,7.0,9.0,1.0,40.39,34.36,113.0
2024-07-10,32.92,109.76,15.7,8.75,251.58,66.5,31.81,78.0,17.37,95.0,78.0,95.0,7.0,10.0,2.0,34.9,40.39,99.0
2024-07-11,25.5,76.35,9.05,4.43,180.88,53.46,31.47,73.88,28.15,79.0,62.0,79.0,7.0,11.0,3.0,32.92,34.9,95.0
2024-07-12,25.62,69.06,7.11,3.33,152.25,47.54,31.01,75.0,34.64,79.0,58.0,79.0,7.0,12.0,4.0,25.5,32.92,79.0
2024-07-13,26.96,77.87,9.31,3.87,180.42,48.67,30.74,78.04,28.32,82.0,62.0,82.0,7.0,13.0,5.0,25.62,25.5,79.0
2024-07-14,23.79,79.88,10.0,4.81,184.42,46.17,30.73,77.83,23.09,76.0,63.0,76.0,7.0,14.0,6.0,26.96,25.62,82.0
2024-07-15,32.93,162.89,14.67,8.69,235.17,64.42,31.11,74.83,15.95,95.0,105.0,105.0,7.0,15.0,0.0,23.79,26.96,76.0
2024-07-16,31.48,135.92,16.01,8.1,242.79,68.92,31.92,74.46,17.55,92.0,91.0,92.0,7.0,16.0,1.0,32.93,23.79,105.0
2024-07-17,29.6,110.65,14.68,9.54,239.42,74.5,31.85,77.17,16.27,88.0,79.0,88.0,7.0,17.0,2.0,31.48,32.93,92.0
2024-07-18,29.06,98.75,9.38,6.9,185.54,70.38,32.12,76.5,17.81,87.0,73.0,87.0,7.0,18.0,3.0,29.6,31.48,88.0
2024-07-19,33.47,95.2,10.47,6.23,216.0,77.21,31.84,71.62,18.7,96.0,71.0,96.0,7.0,19.0,4.0,29.06,29.6,87.0
2024-07-20,35.31,110.18,15.71,10.36,266.29,84.58,32.83,70.67,13.76,100.0,78.0,100.0,7.0,20.0,5.0,33.47,29.06,96.0
2024-07-21,36.62,80.57,18.32,17.78,347.75,108.83,33.27,69.25,10.8,104.0,64.0,104.0,7.0,21.0,6.0,35.31,33.47,100.0
2024-07-22,25.0,65.32,10.94,6.81,232.79,73.29,31.91,77.42,21.22,78.0,56.0,78.0,7.0,22.0,0.0,36.62,35.31,104.0
2024-07-23,25.5,85.74,8.42,5.0,186.33,61.54,30.88,77.38,24.77,79.0,66.0,79.0,7.0,23.0,1.0,25.0,36.62,78.0
2024-07-24,31.05,134.31,7.71,4.88,174.75,57.17,30.59,76.38,25.12,91.0,90.0,91.0,7.0,24.0,2.0,25.5,25.0,79.0
2024-07-25,34.38,152.17,8.7,5.64,177.92,54.96,30.72,76.25,20.76,98.0,99.0,99.0,7.0,25.0,3.0,31.05,25.5,91.0
2024-07-26,33.32,137.07,8.06,5.33,174.12,62.96,31.2,76.17,21.87,96.0,92.0,96.0,7.0,26.0,4.0,34.38,31.05,99.0
2024-07-27,33.56,150.65,7.77,5.37,169.54,63.83,31.25,73.88,22.5,96.0,98.0,98.0,7.0,27.0,5.0,33.32,34.38,96.0
2024-07-28,38.97,174.82,12.7,9.41,218.25,63.83,31.07,73.96,14.86,110.0,111.0,111.0,7.0,28.0,6.0,33.56,33.32,98.0
2024-07-29,34.78,164.87,14.9,15.33,237.54,62.88,30.42,76.54,12.13,99.0,106.0,106.0,7.0,29.0,0.0,38.97,33.56,111.0
2024-07-30,30.16,95.8,16.68,9.22,260.08,59.62,29.15,84.79,9.66,89.0,71.0,89.0,7.0,30.0,1.0,34.78,38.97,106.0
2024-07-31,17.35,35.98,16.44,8.82,263.75,64.25,29.16,86.04,13.49,62.0,33.0,62.0,7.0,31.0,2.0,30.16,34.78,89.0
2024-08-01,21.92,55.62,9.6,4.18,192.04,56.5,29.5,82.83,27.86,72.0,51.0,72.0,8.0,1.0,3.0,17.35,30.16,62.0
2024-08-02,26.41,94.05,10.67,4.22,188.58,44.17,29.3,84.21,22.75,81.0,70.0,81.0,8.0,2.0,4.0,21.92,17.35,72.0
2024-08-03,32.12,116.33,15.5,5.52,231.96,42.67,29.25,81.71,19.5,93.0,81.0,93.0,8.0,3.0,5.0,26.41,21.92,81.0
2024-08-04,33.91,138.27,14.89,5.75,239.04,49.21,28.85,82.79,16.11,97.0,92.0,97.0,8.0,4.0,6.0,32.12,26.41,93.0
2024-08-05,28.19,113.37,13.38,6.95,220.71,49.71,28.6,82.29,13.14,85.0,80.0,85.0,8.0,5.0,0.0,33.91,32.12,97.0
2024-08-06,23.0,85.03,12.93,5.4,206.92,44.17,28.36,83.21,17.61,74.0,66.0,74.0,8.0,6.0,1.0,28.19,33.91,85.0
2024-08-07,20.32,73.26,7.46,3.83,167.46,49.75,28.85,77.67,27.07,68.0,60.0,68.0,8.0,7.0,2.0,23.0,28.19,74.0
2024-08-08,20.08,66.61,8.54,4.41,185.5,51.71,29.28,75.79,22.04,68.0,57.0,68.0,8.0,8.0,3.0,20.32,23.0,68.0
2024-08-09,18.33,65.73,8.3,4.36,186.42,50.04,29.62,75.38,22.18,64.0,56.0,64.0,8.0,9.0,4.0,20.08,20.32,68.0
2024-08-10,16.12,55.33,6.66,3.66,154.96,47.33,29.77,74.29,28.32,59.0,51.0,59.0,8.0,10.0,5.0,18.33,20.08,64.0
2024-08-11,15.85,52.19,6.86,3.47,156.25,44.42,29.04,79.0,29.77,59.0,48.0,59.0,8.0,11.0,6.0,16.12,18.33,59.0
2024-08-12,18.84,87.16,9.19,4.56,179.46,42.12,28.96,81.08,21.78,65.0,67.0,67.0,8.0,12.0,0.0,15.85,16.12,59.0
2024-08-13,17.11,87.8,10.46,5.62,194.5,44.54,29.43,80.04,17.01,62.0,67.0,67.0,8.0,13.0,1.0,18.84,15.85,67.0
2024-08-14,18.44,117.72,8.07,4.98,173.0,45.33,29.48,78.21,18.81,64.0,82.0,82.0,8.0,14.0,2.0,17.11,18.84,67.0
2024-08-15,19.04,82.1,7.16,4.63,170.79,45.38,29.19,79.83,21.07,66.0,64.0,66.0,8.0,15.0,3.0,18.44,17.11,82.0
2024-08-16,19.25,65.47,7.91,4.64,167.79,40.58,28.73,79.88,19.08,66.0,56.0,66.0,8.0,16.0,4.0,19.04,18.44,66.0
2024-08-17,20.78,78.07,11.08,5.5,192.46,37.62,29.01,77.21,16.17,69.0,62.0,69.0,8.0,17.0,5.0,19.25,19.04,66.0
2024-08-18,20.18,72.47,12.29,5.76,202.33,36.08,29.02,77.42,17.99,68.0,60.0,68.0,8.0,18.0,6.0,20.78,19.25,69.0
2024-08-19,17.93,54.02,11.46,5.51,213.08,42.67,28.95,76.71,18.22,63.0,51.0,63.0,8.0,19.0,0.0,20.18,20.78,68.0
2024-08-20,16.4,43.08,8.92,4.55,193.0,43.58,29.27,74.38,22.59,60.0,40.0,60.0,8.0,20.0,1.0,17.93,20.18,63.0
2024-08-21,16.75,44.53,7.53,4.18,176.79,47.0,29.34,74.33,22.75,61.0,41.0,61.0,8.0,21.0,2.0,16.4,17.93,60.0
2024-08-22,18.88,63.59,7.79,4.49,178.04,50.75,30.05,70.62,20.72,65.0,55.0,65.0,8.0,22.0,3.0,16.75,16.4,61.0
2024-08-23,18.0,63.22,7.07,4.2,173.79,52.42,29.75,73.21,21.59,63.0,55.0,63.0,8.0,23.0,4.0,18.88,16.75,65.0
2024-08-24,21.13,79.81,7.3,4.34,176.79,53.46,29.44,74.42,21.8,70.0,63.0,70.0,8.0,24.0,5.0,18.0,18.88,63.0
2024-08-25,23.69,81.96,6.6,4.04,170.46,55.71,29.42,73.71,25.13,75.0,64.0,75.0,8.0,25.0,6.0,21.13,18.0,70.0
2024-08-26,21.23,68.47,9.95,5.19,192.88,60.29,29.67,73.5,23.68,70.0,58.0,70.0,8.0,26.0,0.0,23.69,21.13,75.0
2024-08-27,20.79,50.62,13.98,8.25,284.62,84.71,29.0,82.04,16.27,69.0,47.0,69.0,8.0,27.0,1.0,21.23,23.69,70.0
2024-08-28,11.63,17.6,17.32,8.85,364.96,81.12,27.54,86.75,17.76,48.0,16.0,48.0,8.0,28.0,2.0,20.79,21.23,69.0
2024-08-29,15.52,28.06,20.05,9.16,354.33,74.96,27.59,88.83,19.55,58.0,26.0,58.0,8.0,29.0,3.0,11.63,20.79,48.0
2024-08-30,14.03,23.13,8.46,6.83,207.17,71.96,27.27,82.67,34.44,55.0,21.0,55.0,8.0,30.0,4.0,15.52,11.63,58.0
2024-08-31,11.9,34.77,9.78,7.21,182.17,42.33,26.3,86.92,33.54,50.0,32.0,50.0,8.0,31.0,5.0,14.03,15.52,55.0
2024-09-01,14.02,41.2,14.88,10.6,260.21,34.58,26.99,88.08,15.61,55.0,38.0,55.0,9.0,1.0,6.0,11.9,14.03,50.0
2024-09-02,15.36,48.16,21.27,10.03,302.88,42.5,27.02,87.0,9.02,58.0,45.0,58.0,9.0,2.0,0.0,14.02,11.9,55.0
2024-09-03,16.19,62.26,20.65,8.72,284.96,46.04,27.35,86.17,11.35,60.0,55.0,60.0,9.0,3.0,1.0,15.36,14.02,58.0
2024-09-04,18.88,63.4,17.74,6.13,241.42,34.96,27.66,83.08,15.08,65.0,55.0,65.0,9.0,4.0,2.0,16.19,15.36,60.0
2024-09-05,16.82,40.67,10.86,4.26,194.17,46.12,27.98,83.54,22.09,61.0,38.0,61.0,9.0,5.0,3.0,18.88,16.19,65.0
2024-09-06,19.06,50.88,12.53,4.66,213.33,45.04,27.87,83.88,20.09,66.0,47.0,66.0,9.0,6.0,4.0,16.82,18.88,61.0
2024-09-07,17.48,49.92,14.22,5.45,227.42,44.58,27.51,83.04,15.36,62.0,46.0,62.0,9.0,7.0,5.0,19.06,16.82,66.0
2024-09-08,14.84,48.04,14.45,5.63,229.5,47.46,27.49,84.54,15.55,57.0,44.0,57.0,9.0,8.0,6.0,17.48,19.06,62.0
2024-09-09,17.37,66.28,12.05,4.82,200.92,51.71,27.57,82.12,18.3,62.0,57.0,62.0,9.0,9.0,0.0,14.84,17.48,57.0
2024-09-10,24.7,90.08,14.25,5.36,234.12,53.21,27.55,82.58,16.55,77.0,68.0,77.0,9.0,10.0,1.0,17.37,14.84,62.0
2024-09-11,37.18,168.19,14.58,6.76,247.46,64.96,27.54,82.54,14.51,105.0,108.0,108.0,9.0,11.0,2.0,24.7,17.37,77.0
2024-09-12,36.32,172.33,11.39,5.29,213.12,62.67,27.9,79.29,18.39,103.0,110.0,110.0,9.0,12.0,3.0,37.18,24.7,108.0
2024-09-13,22.8,84.0,7.8,3.7,168.33,57.08,27.94,74.21,25.23,74.0,65.0,74.0,9.0,13.0,4.0,36.32,37.18,110.0
2024-09-14,23.27,74.4,7.72,3.69,169.38,59.25,28.2,71.62,25.91,74.0,61.0,74.0,9.0,14.0,5.0,22.8,36.32,74.0
2024-09-15,21.29,51.61,8.37,4.12,181.38,57.75,28.03,71.62,21.16,70.0,48.0,70.0,9.0,15.0,6.0,23.27,22.8,74.0
2024-09-16,21.42,50.79,9.03,4.34,181.38,54.71,27.87,75.17,19.69,71.0,47.0,71.0,9.0,16.0,0.0,21.29,23.27,70.0
2024-09-17,17.9,51.88,9.62,4.69,187.83,53.58,28.29,76.67,18.69,63.0,48.0,63.0,9.0,17.0,1.0,21.42,21.29,71.0
2024-09-18,16.01,47.62,11.09,5.61,205.71,59.12,28.34,77.92,16.22,59.0,44.0,59.0,9.0,18.0,2.0,17.9,21.42,63.0
2024-09-19,17.05,57.03,13.99,7.3,221.42,62.08,28.19,79.62,13.42,61.0,52.0,61.0,9.0,19.0,3.0,16.01,17.9,59.0
2024-09-20,16.68,53.35,12.65,6.25,220.04,60.04,28.21,80.46,16.74,61.0,49.0,61.0,9.0,20.0,4.0,17.05,16.01,61.0
2024-09-21,20.11,62.11,9.22,5.18,197.21,59.46,28.32,75.38,18.16,68.0,55.0,68.0,9.0,21.0,5.0,16.68,17.05,61.0
2024-09-22,22.25,70.83,8.85,4.92,195.79,60.96,28.45,72.75,19.03,72.0,59.0,72.0,9.0,22.0,6.0,20.11,16.68,68.0
2024-09-23,20.44,62.32,8.64,4.86,197.25,61.12,28.87,72.88,19.76,69.0,55.0,69.0,9.0,23.0,0.0,22.25,20.11,72.0
2024-09-24,19.5,55.54,8.98,5.15,192.75,60.21,28.99,73.25,20.44,67.0,51.0,67.0,9.0,24.0,1.0,20.44,22.25,69.0
2024-09-25,18.7,43.43,10.58,5.51,192.79,56.33,28.88,74.83,17.8,65.0,40.0,65.0,9.0,25.0,2.0,19.5,20.44,67.0
2024-09-26,18.65,47.78,10.87,5.3,200.08,55.29,29.08,74.42,17.45,65.0,44.0,65.0,9.0,26.0,3.0,18.7,19.5,65.0
2024-09-27,17.95,50.31,8.4,4.45,179.71,52.79,29.1,75.71,22.21,63.0,47.0,63.0,9.0,27.0,4.0,18.65,18.7,65.0
2024-09-28,17.89,51.58,8.19,4.29,177.38,53.42,29.2,74.25,20.12,63.0,48.0,63.0,9.0,28.0,5.0,17.95,18.65,63.0
2024-09-29,17.15,64.3,9.84,5.06,182.29,53.21,28.73,74.42,16.7,62.0,56.0,62.0,9.0,29.0,6.0,17.89,17.95,63.0
2024-09-30,13.39,33.24,10.3,5.12,177.79,49.38,28.75,75.29,18.26,54.0,31.0,54.0,9.0,30.0,0.0,17.15,17.89,62.0
2024-10-01,11.53,24.54,10.46,4.69,204.0,47.38,28.91,77.17,19.28,48.0,23.0,48.0,10.0,1.0,1.0,13.39,17.15,54.0
2024-10-02,12.86,28.67,9.52,4.5,197.42,49.58,28.89,78.96,20.57,53.0,27.0,53.0,10.0,2.0,2.0,11.53,13.39,48.0
2024-10-03,13.88,32.03,7.87,3.96,191.67,52.83,28.78,78.79,23.77,55.0,30.0,55.0,10.0,3.0,3.0,12.86,11.53,53.0
2024-10-04,15.46,35.05,7.28,3.7,180.88,51.33,28.68,79.71,24.21,58.0,32.0,58.0,10.0,4.0,4.0,13.88,12.86,55.0
2024-10-05,15.48,39.52,8.86,4.38,175.96,49.88,28.68,78.46,20.74,58.0,37.0,58.0,10.0,5.0,5.0,15.46,13.88,58.0
2024-10-06,17.18,46.93,12.58,7.02,222.5,54.04,28.39,77.79,13.62,62.0,43.0,62.0,10.0,6.0,6.0,15.48,15.46,58.0
2024-10-07,19.55,47.85,17.15,12.27,275.83,72.25,29.11,67.67,11.48,67.0,44.0,67.0,10.0,7.0,0.0,17.18,15.48,62.0
2024-10-08,22.11,43.32,20.08,11.9,337.42,85.83,31.16,48.71,13.92,72.0,40.0,72.0,10.0,8.0,1.0,19.55,17.18,67.0
2024-10-09,26.38,47.25,19.59,7.83,343.04,79.75,31.57,49.25,13.97,81.0,44.0,81.0,10.0,9.0,2.0,22.11,19.55,72.0
2024-10-10,27.07,49.33,27.98,9.82,445.25,73.42,30.97,55.58,11.98,82.0,46.0,82.0,10.0,10.0,3.0,26.38,22.11,81.0
2024-10-11,27.51,55.78,25.33,11.96,455.54,81.71,31.66,45.92,12.54,83.0,51.0,83.0,10.0,11.0,4.0,27.07,26.38,82.0
2024-10-12,41.22,79.75,23.31,17.71,481.83,116.75,30.51,58.46,10.14,115.0,63.0,115.0,10.0,12.0,5.0,27.51,27.07,83.0
2024-10-13,28.3,46.15,23.76,15.66,413.83,79.04,29.9,69.42,9.06,85.0,43.0,85.0,10.0,13.0,6.0,41.22,27.51,115.0
2024-10-14,24.7,38.07,19.15,16.13,370.38,86.04,30.6,61.42,8.0,78.0,35.0,78.0,10.0,14.0,0.0,28.3,41.22,85.0
2024-10-15,26.0,40.95,17.04,14.33,352.38,110.0,31.1,56.17,13.28,80.0,38.0,80.0,10.0,15.0,1.0,24.7,28.3,78.0
2024-10-16,21.67,35.08,14.7,8.73,315.92,100.08,30.77,64.46,14.3,71.0,32.0,71.0,10.0,16.0,2.0,26.0,24.7,80.0
2024-10-17,20.67,35.62,15.32,6.52,305.21,74.38,29.92,73.79,15.3,69.0,33.0,69.0,10.0,17.0,3.0,21.67,26.0,71.0
2024-10-18,22.39,35.78,22.98,13.79,409.46,77.67,29.21,75.62,9.78,73.0,33.0,73.0,10.0,18.0,4.0,20.67,21.67,69.0
2024-10-19,25.61,41.6,20.73,11.68,384.25,92.17,30.57,59.04,11.48,79.0,39.0,79.0,10.0,19.0,5.0,22.39,20.67,73.0
2024-10-20,23.51,39.28,21.12,8.93,390.96,87.58,30.69,58.04,12.61,75.0,36.0,75.0,10.0,20.0,6.0,25.61,22.39,79.0
2024-10-21,19.18,34.45,17.27,8.48,332.33,81.92,29.55,71.25,13.81,66.0,32.0,66.0,10.0,21.0,0.0,23.51,25.61,75.0
2024-10-22,26.34,47.82,17.06,8.72,346.67,90.12,29.73,66.5,12.96,81.0,44.0,81.0,10.0,22.0,1.0,19.18,23.51,66.0
2024-10-23,33.66,58.82,22.71,9.8,417.79,85.67,29.3,71.62,13.67,96.0,53.0,96.0,10.0,23.0,2.0,26.34,19.18,81.0
2024-10-24,24.65,46.01,29.19,11.24,516.96,80.88,30.02,58.58,10.13,77.0,43.0,77.0,10.0,24.0,3.0,33.66,26.34,96.0
2024-10-25,15.78,36.42,21.31,7.34,362.5,74.79,30.53,58.42,14.42,59.0,34.0,59.0,10.0,25.0,4.0,24.65,33.66,77.0
2024-10-26,16.14,47.94,18.88,5.92,401.42,70.83,30.08,69.79,16.16,59.0,44.0,59.0,10.0,26.0,5.0,15.78,24.65,59.0
2024-10-27,26.98,77.11,27.0,9.45,794.58,70.71,30.12,67.33,10.75,82.0,62.0,82.0,10.0,27.0,6.0,16.14,15.78,59.0
2024-10-28,30.79,77.3,20.55,6.65,572.08,68.12,29.22,77.12,12.97,90.0,62.0,90.0,10.0,28.0,0.0,26.98,16.14,82.0
2024-10-29,41.37,119.19,17.68,5.97,579.08,71.58,28.68,81.42,12.97,115.0,83.0,115.0,10.0,29.0,1.0,30.79,26.98,90.0
2024-10-30,38.78,141.03,21.24,6.69,494.54,68.12,28.25,82.83,14.35,109.0,94.0,109.0,10.0,30.0,2.0,41.37,30.79,115.0
2024-10-31,37.89,101.11,26.2,10.06,517.25,73.42,28.24,78.62,11.1,107.0,74.0,107.0,10.0,31.0,3.0,38.78,41.37,109.0
2024-11-01,29.74,68.59,25.35,7.98,463.58,63.88,28.65,72.46,13.38,88.0,58.0,88.0,11.0,1.0,4.0,37.89,38.78,107.0
2024-11-02,24.25,51.8,21.28,6.25,541.33,63.5,28.16,79.67,14.53,77.0,48.0,77.0,11.0,2.0,5.0,29.74,37.89,88.0
2024-11-03,27.41,59.11,29.42,9.41,749.58,59.54,27.46,82.83,8.88,83.0,53.0,83.0,11.0,3.0,6.0,24.25,29.74,77.0
2024-11-04,25.8,49.81,31.04,11.04,729.58,68.54,27.29,74.92,10.05,80.0,46.0,80.0,11.0,4.0,0.0,27.41,24.25,83.0
2024-11-05,28.03,48.73,29.35,9.35,583.17,73.08,27.3,71.83,9.62,85.0,45.0,85.0,11.0,5.0,1.0,25.8,27.41,80.0
2024-11-06,25.71,42.56,28.77,8.92,626.62,73.83,27.55,71.79,11.01,80.0,39.0,80.0,11.0,6.0,2.0,28.03,25.8,85.0
2024-11-07,27.21,48.04,22.58,6.79,553.29,72.71,27.68,80.25,14.21,83.0,44.0,83.0,11.0,7.0,3.0,25.71,28.03,80.0
2024-11-08,19.48,39.57,20.42,7.23,776.29,68.46,28.08,77.38,12.11,67.0,37.0,67.0,11.0,8.0,4.0,27.21,25.71,83.0
2024-11-09,21.49,43.24,24.68,7.55,642.75,65.21,27.3,77.96,11.0,71.0,40.0,71.0,11.0,9.0,5.0,19.48,27.21,67.0
2024-11-10,20.77,40.72,25.05,6.65,570.83,57.33,27.21,77.21,12.1,69.0,38.0,69.0,11.0,10.0,6.0,21.49,19.48,71.0
2024-11-11,23.42,48.28,26.15,7.11,806.0,55.29,27.03,77.62,10.54,75.0,45.0,75.0,11.0,11.0,0.0,20.77,21.49,69.0
2024-11-12,29.34,59.96,34.71,12.38,938.46,49.04,27.28,76.33,8.3,87.0,53.0,87.0,11.0,12.0,1.0,23.42,20.77,75.0
2024-11-13,41.45,56.68,42.64,25.89,803.42,56.12,27.14,67.92,5.68,116.0,52.0,116.0,11.0,13.0,2.0,29.34,23.42,87.0
2024-11-14,37.97,45.6,38.22,22.67,754.08,65.71,26.85,61.12,6.83,107.0,42.0,107.0,11.0,14.0,3.0,41.45,29.34,116.0
2024-11-15,39.93,43.39,28.99,20.87,692.0,91.79,26.84,53.29,7.56,112.0,40.0,112.0,11.0,15.0,4.0,37.97,41.45,107.0
2024-11-16,33.59,38.57,28.98,20.38,807.12,83.96,26.76,65.17,6.83,96.0,36.0,96.0,11.0,16.0,5.0,39.93,37.97,112.0
2024-11-17,30.45,40.09,31.65,19.99,917.88,69.75,26.64,68.71,6.78,90.0,37.0,90.0,11.0,17.0,6.0,33.59,39.93,96.0
2024-11-18,42.11,51.04,42.92,22.35,972.21,62.54,27.2,54.88,7.4,117.0,47.0,117.0,11.0,18.0,0.0,30.45,33.59,90.0
2024-11-19,41.96,48.14,40.46,21.23,929.67,63.83,26.9,53.46,7.55,117.0,45.0,117.0,11.0,19.0,1.0,42.11,30.45,117.0
2024-11-20,28.5,32.91,28.09,18.03,851.54,72.21,26.31,56.88,7.12,85.0,30.0,85.0,11.0,20.0,2.0,41.96,42.11,117.0
2024-11-21,32.66,36.02,35.83,21.12,1046.75,59.58,25.77,66.46,6.47,94.0,33.0,94.0,11.0,21.0,3.0,28.5,41.96,85.0
2024-11-22,23.37,26.33,27.12,18.64,973.46,75.46,26.12,65.83,7.4,75.0,24.0,75.0,11.0,22.0,4.0,32.66,28.5,94.0
2024-11-23,21.37,25.05,26.5,16.5,962.96,67.92,26.38,64.83,7.94,70.0,23.0,70.0,11.0,23.0,5.0,23.37,32.66,75.0
2024-11-24,28.87,33.81,34.47,23.55,1013.96,72.0,26.22,67.21,6.22,86.0,31.0,86.0,11.0,24.0,6.0,21.37,23.37,70.0
2024-11-25,40.73,46.52,53.53,28.45,959.29,65.88,25.83,52.96,6.79,114.0,43.0,114.0,11.0,25.0,0.0,28.87,21.37,86.0
2024-11-26,42.0,48.62,48.99,28.45,1009.17,60.25,25.56,58.29,6.14,117.0,45.0,117.0,11.0,26.0,1.0,40.73,28.87,114.0
2024-11-27,28.47,38.04,40.65,20.2,1102.5,53.88,26.07,71.08,6.18,85.0,35.0,85.0,11.0,27.0,2.0,42.0,40.73,117.0
2024-11-28,36.22,43.25,44.0,29.3,1461.46,52.33,25.89,75.12,5.25,103.0,40.0,103.0,11.0,28.0,3.0,28.47,42.0,85.0
2024-11-29,25.77,32.2,33.41,23.41,869.88,63.25,25.51,73.33,6.04,80.0,30.0,80.0,11.0,29.0,4.0,36.22,28.47,103.0
2024-11-30,37.38,40.74,37.75,18.63,829.12,65.29,25.9,56.0,7.85,106.0,38.0,106.0,11.0,30.0,5.0,25.77,36.22,80.0
2024-12-01,50.24,52.7,36.87,23.21,1113.79,78.75,24.82,42.33,7.15,137.0,49.0,137.0,12.0,1.0,6.0,37.38,25.77,106.0
2024-12-02,42.18,44.83,36.61,17.58,938.79,74.25,25.08,39.33,6.92,117.0,42.0,117.0,12.0,2.0,0.0,50.24,37.38,137.0
2024-12-03,43.75,47.62,15.91,16.0,613.42,94.96,25.34,43.54,11.22,121.0,44.0,121.0,12.0,3.0,1.0,42.18,50.24,117.0
2024-12-04,47.73,53.9,15.44,19.0,701.71,96.25,25.45,42.25,12.81,131.0,50.0,131.0,12.0,4.0,2.0,43.75,42.18,121.0
2024-12-05,50.05,58.88,28.92,22.59,1093.71,72.33,24.06,49.62,6.92,137.0,53.0,137.0,12.0,5.0,3.0,47.73,43.75,131.0
2024-12-06,36.66,57.38,38.44,28.7,1179.29,62.42,23.45,56.92,6.29,104.0,52.0,104.0,12.0,6.0,4.0,50.05,47.73,137.0
2024-12-07,32.1,35.28,47.35,29.96,828.83,56.92,22.63,32.58,6.98,93.0,33.0,93.0,12.0,7.0,5.0,36.66,50.05,104.0
2024-12-08,29.2,38.98,37.92,18.57,460.83,54.33,22.29,13.83,11.01,87.0,36.0,87.0,12.0,8.0,6.0,32.1,36.66,93.0
2024-12-09,25.87,37.15,35.66,14.39,1039.25,52.75,20.4,22.38,7.74,80.0,34.0,80.0,12.0,9.0,0.0,29.2,32.1,87.0
2024-12-10,29.69,32.47,28.3,16.57,1030.79,65.75,20.42,26.54,6.95,88.0,30.0,88.0,12.0,10.0,1.0,25.87,29.2,80.0
2024-12-11,39.95,44.94,43.22,26.23,1033.58,60.79,20.17,31.0,5.95,112.0,42.0,112.0,12.0,11.0,2.0,29.69,25.87,88.0
2024-12-12,28.62,32.88,33.6,15.08,643.67,61.04,19.6,29.67,8.03,86.0,30.0,86.0,12.0,12.0,3.0,39.95,29.69,112.0
2024-12-13,17.53,20.66,14.12,13.44,535.88,81.33,19.15,25.96,13.45,62.0,19.0,62.0,12.0,13.0,4.0,28.62,39.95,86.0
2024-12-14,27.73,28.92,15.84,18.29,695.0,93.62,19.87,26.08,11.92,84.0,27.0,84.0,12.0,14.0,5.0,17.53,28.62,62.0
2024-12-15,25.42,26.13,29.01,20.88,883.75,79.71,19.38,28.5,7.78,79.0,24.0,79.0,12.0,15.0,6.0,27.73,17.53,84.0
2024-12-16,28.8,29.16,38.32,23.95,1062.33,65.0,20.29,31.17,6.5,86.0,27.0,86.0,12.0,16.0,0.0,25.42,27.73,79.0
2024-12-17,38.09,57.08,28.64,20.41,904.08,69.54,20.1,35.58,6.02,107.0,52.0,107.0,12.0,17.0,1.0,28.8,25.42,86.0
2024-12-18,36.88,41.65,21.42,18.97,729.75,86.25,20.82,27.71,8.27,104.0,39.0,104.0,12.0,18.0,2.0,38.09,28.8,107.0
2024-12-19,39.72,43.93,27.12,22.8,928.5,86.88,19.85,33.62,6.87,111.0,41.0,111.0,12.0,19.0,3.0,36.88,38.09,104.0
2024-12-20,29.94,33.6,20.82,19.78,777.67,80.71,19.42,32.12,10.0,89.0,31.0,89.0,12.0,20.0,4.0,39.72,36.88,111.0
2024-12-21,40.21,41.82,18.45,23.57,790.54,104.88,18.68,30.04,10.28,113.0,39.0,113.0,12.0,21.0,5.0,29.94,39.72,89.0
2024-12-22,47.19,53.69,26.88,24.29,1076.88,86.33,18.73,42.79,7.47,130.0,50.0,130.0,12.0,22.0,6.0,40.21,29.94,113.0
2024-12-23,56.77,70.55,40.7,26.8,1171.0,66.92,19.37,55.33,6.4,152.0,59.0,152.0,12.0,23.0,0.0,47.19,40.21,130.0
2024-12-24,68.08,69.42,20.12,21.6,880.29,95.83,19.1,36.88,9.93,157.0,58.0,157.0,12.0,24.0,1.0,56.77,47.19,152.0
2024-12-25,66.79,67.76,14.9,23.21,878.33,113.83,18.68,39.92,11.27,157.0,57.0,157.0,12.0,25.0,2.0,68.08,56.77,157.0
2024-12-26,59.36,60.98,17.26,24.78,838.46,105.75,18.9,37.79,11.03,153.0,54.0,153.0,12.0,26.0,3.0,66.79,68.08,157.0
2024-12-27,42.31,43.78,28.0,22.28,1341.83,84.83,18.86,36.08,6.82,118.0,41.0,118.0,12.0,27.0,4.0,59.36,66.79,153.0
2024-12-28,25.41,27.35,34.44,21.63,976.83,65.25,18.62,31.42,7.07,79.0,25.0,79.0,12.0,28.0,5.0,42.31,59.36,118.0
2024-12-29,28.27,31.46,31.95,17.28,931.54,69.12,18.97,35.12,8.39,85.0,29.0,85.0,12.0,29.0,6.0,25.41,42.31,79.0
2024-12-30,39.72,40.46,28.9,19.3,1220.12,86.08,19.6,32.92,8.2,111.0,37.0,111.0,12.0,30.0,0.0,28.27,25.41,85.0
2024-12-31,39.08,40.03,30.85,18.66,1384.08,73.08,19.81,34.67,6.24,110.0,37.0,110.0,12.0,31.0,1.0,39.72,28.27,111.0
2025-01-01,37.53,40.68,20.75,17.97,972.75,90.92,20.41,35.08,8.12,106.0,38.0,106.0,1.0,1.0,2.0,39.08,39.72,110.0
2025-01-02,51.34,55.4,32.39,23.76,1431.67,89.88,19.83,45.58,7.13,140.0,51.0,140.0,1.0,2.0,3.0,37.53,39.08,106.0
2025-01-03,66.61,72.96,35.8,30.42,1241.04,98.17,19.89,55.08,6.25,157.0,60.0,157.0,1.0,3.0,4.0,51.34,37.53,140.0
2025-01-04,51.68,69.33,36.07,24.81,776.33,65.79,20.59,54.83,9.59,141.0,58.0,141.0,1.0,4.0,5.0,66.61,51.34,157.0
2025-01-05,40.22,55.07,39.32,26.18,908.67,67.33,18.08,46.83,6.61,113.0,51.0,113.0,1.0,5.0,6.0,51.68,66.61,141.0
2025-01-06,31.08,35.26,41.31,21.63,1103.71,53.67,18.48,37.83,6.6,91.0,33.0,91.0,1.0,6.0,0.0,40.22,51.68,113.0
2025-01-07,21.92,22.95,31.35,15.6,958.92,73.96,18.83,24.42,7.67,72.0,21.0,72.0,1.0,7.0,1.0,31.08,40.22,91.0
2025-01-08,27.83,28.09,37.44,30.14,1175.42,75.5,17.75,36.79,6.05,84.0,26.0,84.0,1.0,8.0,2.0,21.92,31.08,72.0
2025-01-09,33.83,34.53,44.03,24.17,1418.38,70.0,18.62,51.5,6.09,97.0,32.0,97.0,1.0,9.0,3.0,27.83,21.92,84.0
2025-01-10,45.69,46.36,53.06,24.42,1071.21,63.62,19.91,38.58,6.96,126.0,43.0,126.0,1.0,10.0,4.0,33.83,27.83,97.0
2025-01-11,45.13,45.47,41.83,28.9,1102.5,74.83,19.98,43.08,6.02,125.0,42.0,125.0,1.0,11.0,5.0,45.69,33.83,126.0
2025-01-12,41.62,41.75,35.41,22.98,1100.96,87.38,19.94,34.62,8.58,116.0,39.0,116.0,1.0,12.0,6.0,45.13,45.69,125.0
2025-01-13,53.12,53.94,13.7,16.43,893.71,104.38,18.73,41.38,12.8,144.0,50.0,144.0,1.0,13.0,0.0,41.62,45.13,116.0
2025-01-14,55.85,57.77,30.59,19.36,951.75,85.88,18.35,52.38,8.04,151.0,52.0,151.0,1.0,14.0,1.0,53.12,41.62,144.0
2025-01-15,55.61,61.24,37.36,21.05,1064.67,74.42,19.42,52.54,7.17,151.0,54.0,151.0,1.0,15.0,2.0,55.85,53.12,151.0
2025-01-16,69.3,78.48,45.83,34.14,1367.67,80.96,18.88,54.17,6.3,158.0,63.0,158.0,1.0,16.0,3.0,55.61,55.85,151.0
2025-01-17,37.28,42.33,22.53,17.28,769.46,90.08,19.38,39.25,11.74,105.0,39.0,105.0,1.0,17.0,4.0,69.3,55.61,158.0
2025-01-18,43.68,45.75,19.83,17.95,782.79,102.0,19.78,35.08,11.44,121.0,42.0,121.0,1.0,18.0,5.0,37.28,69.3,105.0
2025-01-19,46.45,47.63,25.98,19.41,1000.92,97.12,19.83,33.58,7.54,128.0,44.0,128.0,1.0,19.0,6.0,43.68,37.28,121.0
2025-01-20,56.42,57.63,29.4,24.24,1320.12,98.12,20.35,39.29,8.63,151.0,52.0,151.0,1.0,20.0,0.0,46.45,43.68,128.0
2025-01-21,49.12,53.02,27.35,24.33,1226.21,101.83,19.7,50.42,7.34,135.0,49.0,135.0,1.0,21.0,1.0,56.42,46.45,151.0
2025-01-22,30.97,41.13,27.66,17.64,728.88,79.33,20.61,60.08,7.78,91.0,38.0,91.0,1.0,22.0,2.0,49.12,56.42,135.0
2025-01-23,31.82,38.18,30.1,15.1,657.25,70.04,20.6,36.12,8.36,92.0,35.0,92.0,1.0,23.0,3.0,30.97,49.12,91.0
2025-01-24,16.2,19.65,17.01,11.55,640.83,89.79,20.5,25.12,11.3,60.0,18.0,60.0,1.0,24.0,4.0,31.82,30.97,92.0
2025-01-25,22.58,26.01,29.99,17.35,1166.71,79.5,20.4,27.88,8.45,73.0,24.0,73.0,1.0,25.0,5.0,16.2,31.82,60.0
2025-01-26,34.1,39.08,46.46,27.61,967.83,61.0,19.6,40.42,6.92,97.0,36.0,97.0,1.0,26.0,6.0,22.58,16.2,73.0
2025-01-27,38.51,44.62,46.96,28.03,970.58,53.83,19.84,62.92,6.39,108.0,41.0,108.0,1.0,27.0,0.0,34.1,22.58,97.0
2025-01-28,31.02,33.58,42.39,25.52,803.0,53.25,19.84,75.29,6.7,91.0,31.0,91.0,1.0,28.0,1.0,38.51,34.1,108.0
2025-01-29,22.12,40.12,24.34,12.88,543.33,68.88,21.45,80.5,8.68,72.0,37.0,72.0,1.0,29.0,2.0,31.02,38.51,91.0
2025-01-30,33.32,74.84,22.17,14.41,591.08,78.46,21.45,51.58,8.4,96.0,61.0,96.0,1.0,30.0,3.0,22.12,31.02,72.0
2025-01-31,34.17,91.18,18.39,14.92,429.17,75.17,19.4,29.0,11.46,97.0,69.0,97.0,1.0,31.0,4.0,33.32,22.12,96.0
2025-02-01,43.71,102.58,36.0,17.71,666.75,65.5,18.82,43.92,7.41,121.0,75.0,121.0,2.0,1.0,5.0,34.17,33.32,97.0
2025-02-02,24.62,30.96,25.1,13.04,678.04,80.46,20.78,26.75,9.05,77.0,29.0,77.0,2.0,2.0,6.0,43.71,34.17,121.0
2025-02-03,27.35,35.43,15.3,17.9,648.42,105.25,20.66,33.42,9.57,83.0,33.0,83.0,2.0,3.0,0.0,24.62,43.71,77.0
2025-02-04,18.31,34.52,16.38,11.02,481.58,93.38,20.79,49.46,10.1,64.0,32.0,64.0,2.0,4.0,1.0,27.35,24.62,83.0
2025-02-05,22.37,37.58,29.35,16.95,731.83,73.12,20.14,43.54,7.76,73.0,35.0,73.0,2.0,5.0,2.0,18.31,27.35,64.0
2025-02-06,24.44,31.72,34.0,14.68,746.46,64.25,21.11,29.17,9.41,77.0,29.0,77.0,2.0,6.0,3.0,22.37,18.31,73.0
2025-02-07,18.01,25.28,21.12,12.04,563.38,83.58,22.78,18.33,10.5,63.0,23.0,63.0,2.0,7.0,4.0,24.44,22.37,77.0
2025-02-08,29.71,37.54,27.28,18.38,801.96,86.42,21.95,26.96,8.54,88.0,35.0,88.0,2.0,8.0,5.0,18.01,24.44,63.0
2025-02-09,35.72,38.23,35.0,24.08,864.33,80.38,21.12,39.04,7.43,102.0,35.0,102.0,2.0,9.0,6.0,29.71,18.01,88.0
2025-02-10,26.23,28.83,23.86,16.1,551.54,87.08,21.48,71.25,9.19,81.0,27.0,81.0,2.0,10.0,0.0,35.72,29.71,102.0
2025-02-11,29.52,79.68,18.04,12.54,447.92,79.12,23.01,75.96,10.45,88.0,63.0,88.0,2.0,11.0,1.0,26.23,35.72,81.0
2025-02-12,50.8,114.4,34.93,22.66,853.21,70.88,23.26,58.75,7.02,139.0,80.0,139.0,2.0,12.0,2.0,29.52,26.23,88.0
2025-02-13,49.95,86.0,42.07,29.36,989.71,68.67,23.15,47.83,6.55,137.0,66.0,137.0,2.0,13.0,3.0,50.8,29.52,139.0
2025-02-14,27.46,57.6,22.55,12.7,428.83,72.88,23.98,65.25,10.38,83.0,52.0,83.0,2.0,14.0,4.0,49.95,50.8,137.0
2025-02-15,29.41,67.02,16.98,11.01,359.71,81.62,24.74,66.88,12.78,87.0,57.0,87.0,2.0,15.0,5.0,27.46,49.95,83.0
2025-02-16,24.62,57.38,17.28,10.57,424.67,78.71,24.76,67.75,10.47,77.0,52.0,77.0,2.0,16.0,6.0,29.41,27.46,87.0
2025-02-17,27.4,50.85,28.32,17.37,774.46,83.38,25.22,60.38,7.25,83.0,47.0,83.0,2.0,17.0,0.0,24.62,29.41,77.0
2025-02-18,22.31,50.94,24.25,12.5,603.67,67.12,25.35,61.12,8.96,72.0,47.0,72.0,2.0,18.0,1.0,27.4,24.62,83.0
2025-02-19,18.71,49.0,13.42,9.22,343.0,79.33,25.5,61.25,14.21,65.0,45.0,65.0,2.0,19.0,2.0,22.31,27.4,72.0
2025-02-20,35.97,120.54,24.38,16.92,641.42,83.0,25.88,46.79,8.06,102.0,83.0,102.0,2.0,20.0,3.0,18.71,22.31,65.0
2025-02-21,48.15,128.28,35.72,24.17,1043.12,56.75,24.73,46.5,5.64,132.0,87.0,132.0,2.0,21.0,4.0,35.97,18.71,102.0
2025-02-22,36.55,55.11,35.12,26.2,883.46,84.58,23.71,44.12,7.32,104.0,51.0,104.0,2.0,22.0,5.0,48.15,35.97,132.0
2025-02-23,30.3,42.69,31.16,20.82,655.46,77.38,22.97,74.79,7.13,89.0,40.0,89.0,2.0,23.0,6.0,36.55,48.15,104.0
2025-02-24,22.81,47.98,34.07,24.28,627.92,58.12,23.35,79.58,6.75,74.0,44.0,74.0,2.0,24.0,0.0,30.3,36.55,89.0
2025-02-25,34.01,79.83,47.03,33.33,881.58,40.33,24.24,65.83,5.67,97.0,63.0,97.0,2.0,25.0,1.0,22.81,30.3,74.0
2025-02-26,21.83,51.53,37.78,21.52,555.75,41.29,24.16,69.71,6.81,71.0,48.0,71.0,2.0,26.0,2.0,34.01,22.81,97.0
2025-02-27,16.57,28.08,23.66,14.87,365.67,52.96,23.52,80.08,9.62,60.0,26.0,60.0,2.0,27.0,3.0,21.83,34.01,71.0
2025-02-28,28.02,59.41,12.95,10.55,299.54,89.79,24.26,74.42,14.95,84.0,53.0,84.0,2.0,28.0,4.0,16.57,21.83,60.0
2025-03-01,29.23,56.58,17.61,14.02,427.33,97.83,24.01,70.88,10.86,87.0,52.0,87.0,3.0,1.0,5.0,28.02,16.57,84.0
2025-03-02,27.39,43.05,22.08,16.72,608.17,92.25,22.68,69.0,8.52,83.0,40.0,83.0,3.0,2.0,6.0,29.23,28.02,87.0
2025-03-03,27.92,74.98,14.93,11.62,363.62,86.04,24.19,71.62,12.08,84.0,61.0,84.0,3.0,3.0,0.0,27.39,29.23,83.0
2025-03-04,36.36,102.96,25.94,14.06,582.54,79.12,24.22,31.21,7.95,103.0,75.0,103.0,3.0,4.0,1.0,27.92,27.39,84.0
2025-03-05,21.12,36.38,23.49,15.24,600.04,90.5,23.1,23.17,8.38,70.0,34.0,70.0,3.0,5.0,2.0,36.36,27.92,103.0
2025-03-06,20.36,33.47,25.05,17.14,547.46,88.04,24.75,57.12,9.03,68.0,31.0,68.0,3.0,6.0,3.0,21.12,36.36,70.0
2025-03-07,22.67,46.3,25.48,16.23,753.88,88.71,26.1,54.83,7.54,73.0,43.0,73.0,3.0,7.0,4.0,20.36,21.12,68.0
2025-03-08,22.82,69.52,20.35,12.15,524.5,74.25,28.01,41.54,9.82,74.0,58.0,74.0,3.0,8.0,5.0,22.67,20.36,73.0
2025-03-09,27.74,59.28,28.66,18.37,619.29,84.79,28.67,41.75,8.01,84.0,53.0,84.0,3.0,9.0,6.0,22.82,22.67,74.0
2025-03-10,25.43,45.25,34.2,17.78,697.96,60.42,28.5,42.67,8.0,79.0,42.0,79.0,3.0,10.0,0.0,27.74,22.82,84.0
2025-03-11,22.56,32.1,36.83,17.52,680.5,60.62,27.45,48.5,8.1,73.0,30.0,73.0,3.0,11.0,1.0,25.43,27.74,79.0
2025-03-12,18.25,26.89,25.2,13.65,524.04,63.29,26.87,62.38,9.14,64.0,25.0,64.0,3.0,12.0,2.0,22.56,25.43,73.0
2025-03-13,15.59,30.54,16.54,10.52,412.25,81.96,27.8,62.54,11.85,58.0,28.0,58.0,3.0,13.0,3.0,18.25,22.56,64.0
2025-03-14,24.56,66.84,12.87,10.2,344.67,89.33,27.55,60.96,14.43,77.0,57.0,77.0,3.0,14.0,4.0,15.59,18.25,58.0
2025-03-15,28.85,66.59,16.57,14.78,450.96,103.67,27.01,49.25,9.72,86.0,57.0,86.0,3.0,15.0,5.0,24.56,15.59,77.0
2025-03-16,26.4,64.0,20.94,14.99,509.25,99.12,26.79,43.17,9.74,81.0,55.0,81.0,3.0,16.0,6.0,28.85,24.56,86.0
2025-03-17,29.11,58.99,35.01,19.07,574.88,70.96,26.36,43.79,8.96,87.0,53.0,87.0,3.0,17.0,0.0,26.4,28.85,81.0
2025-03-18,16.53,37.2,21.31,13.77,644.08,82.46,25.45,62.42,8.23,60.0,34.0,60.0,3.0,18.0,1.0,29.11,26.4,87.0
2025-03-19,14.37,26.8,17.66,11.6,442.25,81.67,25.68,65.21,11.08,56.0,25.0,56.0,3.0,19.0,2.0,16.53,29.11,60.0
2025-03-20,15.92,28.85,17.7,13.73,445.0,85.79,26.24,69.75,9.96,59.0,27.0,59.0,3.0,20.0,3.0,14.37,16.53,56.0
2025-03-21,18.32,34.79,18.61,13.95,540.0,91.33,26.78,64.5,9.52,64.0,32.0,64.0,3.0,21.0,4.0,15.92,14.37,59.0
2025-03-22,20.88,42.43,19.82,12.96,501.29,90.21,26.75,64.42,9.74,69.0,39.0,69.0,3.0,22.0,5.0,18.32,15.92,64.0
2025-03-23,13.85,18.6,22.55,13.87,468.54,84.79,27.8,52.92,9.94,55.0,17.0,55.0,3.0,23.0,6.0,20.88,18.32,69.0
2025-03-24,9.92,12.15,19.77,12.06,394.71,84.46,27.55,45.83,11.79,41.0,11.0,41.0,3.0,24.0,0.0,13.85,20.88,55.0
2025-03-25,13.98,19.58,17.26,12.97,329.46,82.38,25.65,71.96,11.93,55.0,18.0,55.0,3.0,25.0,1.0,9.92,13.85,41.0
2025-03-26,15.88,28.18,14.95,11.6,349.83,105.04,26.03,70.0,12.93,59.0,26.0,59.0,3.0,26.0,2.0,13.98,9.92,55.0
2025-03-27,27.17,82.36,14.68,11.1,414.96,110.92,27.14,42.21,11.44,83.0,65.0,83.0,3.0,27.0,3.0,15.88,13.98,59.0
2025-03-28,27.45,93.36,22.61,16.41,549.29,108.96,26.18,23.62,9.82,83.0,70.0,83.0,3.0,28.0,4.0,27.17,15.88,83.0
2025-03-29,28.59,55.92,34.62,15.8,776.42,88.79,26.95,22.46,7.65,86.0,51.0,86.0,3.0,29.0,5.0,27.45,27.17,83.0
2025-03-30,21.58,38.6,23.03,18.87,530.71,117.54,26.5,39.88,9.55,71.0,36.0,71.0,3.0,30.0,6.0,28.59,27.45,86.0
2025-03-31,19.0,38.51,22.58,15.95,627.33,93.54,26.05,65.54,8.11,66.0,36.0,66.0,3.0,31.0,0.0,21.58,28.59,71.0
2025-04-01,25.32,62.51,27.43,18.48,588.62,89.67,27.14,62.38,7.99,79.0,55.0,79.0,4.0,1.0,1.0,19.0,21.58,66.0
2025-04-02,25.82,44.03,35.0,21.75,689.0,80.71,27.1,60.54,6.88,80.0,41.0,80.0,4.0,2.0,2.0,25.32,19.0,79.0
2025-04-03,22.55,37.3,29.14,16.51,571.5,83.12,27.34,65.96,8.98,73.0,35.0,73.0,4.0,3.0,3.0,25.82,25.32,80.0
2025-04-04,18.88,29.09,26.4,16.27,646.08,99.38,27.96,61.21,8.71,65.0,27.0,65.0,4.0,4.0,4.0,22.55,25.82,73.0
2025-04-05,11.25,14.71,18.06,11.4,402.29,90.38,28.47,60.67,11.01,47.0,14.0,47.0,4.0,5.0,5.0,18.88,22.55,65.0
2025-04-06,12.25,28.7,13.52,8.98,348.62,96.0,30.26,42.17,15.28,51.0,27.0,51.0,4.0,6.0,6.0,11.25,18.88,47.0
2025-04-07,13.3,21.35,14.65,9.61,390.5,96.0,29.13,54.29,14.06,54.0,20.0,54.0,4.0,7.0,0.0,12.25,11.25,51.0
2025-04-08,22.75,37.69,20.56,13.46,450.58,82.83,28.02,71.5,9.54,73.0,35.0,73.0,4.0,8.0,1.0,13.3,12.25,54.0
2025-04-09,21.05,41.84,21.41,13.76,449.96,74.96,27.67,76.58,9.85,70.0,39.0,70.0,4.0,9.0,2.0,22.75,13.3,73.0
2025-04-10,17.16,35.22,15.82,12.12,308.38,80.38,27.69,77.38,11.89,62.0,33.0,62.0,4.0,10.0,3.0,21.05,22.75,70.0
2025-04-11,22.39,47.68,14.53,11.02,347.21,82.58,28.01,76.96,11.73,73.0,44.0,73.0,4.0,11.0,4.0,17.16,21.05,62.0
2025-04-12,21.64,48.38,15.11,10.75,379.54,87.83,29.44,65.54,10.74,71.0,45.0,71.0,4.0,12.0,5.0,22.39,17.16,73.0
2025-04-13,15.76,32.27,10.58,9.81,294.42,78.58,28.59,72.71,13.68,59.0,30.0,59.0,4.0,13.0,6.0,21.64,22.39,71.0
2025-04-14,15.95,29.43,10.45,9.2,287.17,76.17,28.28,76.29,16.29,59.0,27.0,59.0,4.0,14.0,0.0,15.76,21.64,59.0
2025-04-15,17.75,37.0,10.48,9.95,279.71,76.96,28.7,77.08,14.8,63.0,34.0,63.0,4.0,15.0,1.0,15.95,15.76,59.0
2025-04-16,18.66,41.79,9.91,9.35,281.83,75.21,29.01,71.88,14.55,65.0,39.0,65.0,4.0,16.0,2.0,17.75,15.95,63.0
2025-04-17,14.72,31.42,9.82,8.57,276.54,73.21,29.35,67.29,16.78,57.0,29.0,57.0,4.0,17.0,3.0,18.66,17.75,65.0
2025-04-18,17.25,37.52,9.38,9.67,269.92,92.92,28.78,71.38,14.98,62.0,35.0,62.0,4.0,18.0,4.0,14.72,18.66,57.0
2025-04-19,52.3,209.78,9.87,10.98,314.21,105.5,29.95,60.12,13.9,142.0,128.0,142.0,4.0,19.0,5.0,17.25,14.72,62.0
2025-04-20,51.39,183.68,14.8,11.75,454.0,99.62,31.24,40.33,11.63,140.0,115.0,140.0,4.0,20.0,6.0,52.3,17.25,142.0
2025-04-21,45.1,135.11,18.12,15.55,471.92,100.92,30.25,44.54,9.97,125.0,91.0,125.0,4.0,21.0,0.0,51.39,52.3,140.0
2025-04-22,34.65,89.42,19.95,16.17,532.83,97.08,29.33,59.29,7.88,98.0,68.0,98.0,4.0,22.0,1.0,45.1,51.39,125.0
2025-04-23,28.83,81.21,17.13,12.28,440.04,88.29,28.96,66.38,9.4,86.0,64.0,86.0,4.0,23.0,2.0,34.65,45.1,98.0
2025-04-24,20.9,44.6,14.53,11.08,383.58,96.0,29.08,69.5,11.52,70.0,41.0,70.0,4.0,24.0,3.0,28.83,34.65,86.0
2025-04-25,22.5,54.17,14.72,11.48,405.21,86.33,28.86,75.71,9.3,73.0,51.0,73.0,4.0,25.0,4.0,20.9,28.83,70.0
2025-04-26,25.85,69.32,18.1,12.7,369.71,96.17,31.1,56.42,11.62,80.0,58.0,80.0,4.0,26.0,5.0,22.5,20.9,73.0
2025-04-27,28.21,71.26,18.66,11.76,409.04,79.54,30.38,62.62,10.41,85.0,59.0,85.0,4.0,27.0,6.0,25.85,22.5,80.0
2025-04-28,22.23,47.9,15.36,10.28,367.83,83.0,30.94,59.79,11.93,72.0,44.0,72.0,4.0,28.0,0.0,28.21,25.85,85.0
2025-04-29,13.51,20.4,12.87,8.76,322.33,90.46,31.59,51.67,14.72,54.0,19.0,54.0,4.0,29.0,1.0,22.23,28.21,72.0
2025-04-30,14.65,24.42,11.11,8.87,294.75,82.08,31.03,56.79,14.7,56.0,23.0,56.0,4.0,30.0,2.0,13.51,22.23,54.0
2025-05-01,15.68,25.24,10.01,9.07,282.08,81.79,30.18,65.17,14.7,59.0,23.0,59.0,5.0,1.0,3.0,14.65,13.51,56.0
2025-05-02,16.5,27.35,10.4,9.57,271.17,77.54,29.94,70.67,14.61,60.0,25.0,60.0,5.0,2.0,4.0,15.68,14.65,59.0
2025-05-03,17.33,31.31,14.92,11.85,305.08,80.96,30.09,71.42,12.28,62.0,29.0,62.0,5.0,3.0,5.0,16.5,15.68,60.0
2025-05-04,18.74,30.88,14.06,11.1,351.46,82.46,30.0,71.0,11.28,65.0,29.0,65.0,5.0,4.0,6.0,17.33,16.5,62.0
2025-05-05,25.97,69.09,17.51,14.52,525.5,84.38,29.73,68.92,7.45,80.0,58.0,80.0,5.0,5.0,0.0,18.74,17.33,65.0
2025-05-06,36.07,93.62,25.56,21.88,492.62,83.17,29.65,74.67,8.59,102.0,70.0,102.0,5.0,6.0,1.0,25.97,18.74,80.0
2025-05-07,21.89,53.84,15.64,21.22,397.12,74.67,29.75,75.75,7.7,72.0,50.0,72.0,5.0,7.0,2.0,36.07,25.97,102.0
2025-05-08,21.32,47.05,19.0,17.21,313.54,53.79,29.59,75.67,7.19,70.0,44.0,70.0,5.0,8.0,3.0,21.89,36.07,72.0
2025-05-09,28.43,70.41,16.47,18.02,341.0,63.17,29.83,72.0,8.28,85.0,59.0,85.0,5.0,9.0,4.0,21.32,21.89,70.0
2025-05-10,29.58,69.45,13.6,16.88,275.83,70.54,30.04,70.17,11.07,88.0,58.0,88.0,5.0,10.0,5.0,28.43,21.32,85.0
2025-05-11,33.91,77.57,10.46,13.25,259.29,77.08,29.7,76.04,12.92,97.0,62.0,97.0,5.0,11.0,6.0,29.58,28.43,88.0
2025-05-12,30.67,75.21,9.25,12.08,240.25,86.67,29.48,76.42,13.78,90.0,61.0,90.0,5.0,12.0,0.0,33.91,29.58,97.0
2025-05-13,19.65,37.44,9.69,12.2,244.75,85.42,29.56,77.0,12.6,67.0,35.0,67.0,5.0,13.0,1.0,30.67,33.91,90.0
2025-05-14,22.5,45.26,12.63,13.3,294.33,83.0,30.46,75.67,10.74,73.0,42.0,73.0,5.0,14.0,2.0,19.65,30.67,67.0
2025-05-15,21.75,44.94,15.57,13.67,314.83,80.67,30.46,75.71,10.35,71.0,42.0,71.0,5.0,15.0,3.0,22.5,19.65,73.0
2025-05-16,19.52,37.32,14.47,12.35,289.0,72.83,30.15,79.29,11.18,67.0,35.0,67.0,5.0,16.0,4.0,21.75,22.5,71.0
2025-05-17,18.41,37.87,12.54,13.1,250.21,66.04,30.14,74.75,11.99,64.0,35.0,64.0,5.0,17.0,5.0,19.52,21.75,67.0
2025-05-18,16.88,33.74,11.81,14.39,256.08,62.08,30.15,73.33,10.22,61.0,31.0,61.0,5.0,18.0,6.0,18.41,19.52,64.0
2025-05-19,18.47,40.05,11.39,13.0,222.62,58.12,30.01,72.62,12.13,64.0,37.0,64.0,5.0,19.0,0.0,16.88,18.41,61.0
2025-05-20,23.05,69.88,8.48,12.09,208.42,62.62,30.38,70.88,13.72,74.0,58.0,74.0,5.0,20.0,1.0,18.47,16.88,64.0
2025-05-21,27.41,105.1,8.91,13.27,218.96,70.21,30.21,72.67,13.98,83.0,76.0,83.0,5.0,21.0,2.0,23.05,18.47,74.0
2025-05-22,22.94,83.22,10.11,12.89,221.79,65.29,29.94,74.71,13.74,74.0,65.0,74.0,5.0,22.0,3.0,27.41,23.05,83.0
2025-05-23,18.75,54.18,10.46,11.43,211.67,64.83,30.2,73.96,14.97,65.0,51.0,65.0,5.0,23.0,4.0,22.94,27.41,74.0
2025-05-24,21.72,57.25,8.74,11.54,209.12,67.71,30.55,72.67,15.45,71.0,52.0,71.0,5.0,24.0,5.0,18.75,22.94,65.0
2025-05-25,27.67,68.56,8.67,11.59,213.08,67.08,30.92,75.0,14.53,84.0,58.0,84.0,5.0,25.0,6.0,21.72,18.75,71.0
2025-05-26,28.4,62.32,10.03,12.16,222.38,67.33,31.25,74.0,14.25,85.0,55.0,85.0,5.0,26.0,0.0,27.67,21.72,84.0
2025-05-27,22.86,47.43,8.29,10.68,211.83,66.54,30.79,74.62,16.01,74.0,44.0,74.0,5.0,27.0,1.0,28.4,27.67,85.0
2025-05-28,26.78,67.38,11.33,12.91,275.08,75.5,30.83,78.5,13.1,82.0,57.0,82.0,5.0,28.0,2.0,22.86,28.4,74.0
2025-05-29,33.96,126.79,12.83,12.76,386.5,94.67,32.32,66.25,11.05,97.0,87.0,97.0,5.0,29.0,3.0,26.78,22.86,82.0
2025-05-30,38.18,149.12,9.08,7.7,256.92,97.96,32.6,58.79,18.04,108.0,98.0,108.0,5.0,30.0,4.0,33.96,26.78,97.0
2025-05-31,35.0,136.88,7.06,8.34,234.42,87.79,31.35,72.71,18.18,99.0,92.0,99.0,5.0,31.0,5.0,38.18,33.96,108.0
2025-06-01,36.33,141.98,9.58,9.35,289.38,83.0,31.92,64.75,15.26,103.0,94.0,103.0,6.0,1.0,6.0,35.0,38.18,99.0
2025-06-02,43.34,188.16,8.98,10.19,253.58,82.92,30.65,75.21,15.55,120.0,117.0,120.0,6.0,2.0,0.0,36.33,35.0,103.0
2025-06-03,29.61,90.02,8.17,9.28,245.88,82.83,29.85,79.04,15.93,88.0,68.0,88.0,6.0,3.0,1.0,43.34,36.33,120.0
2025-06-04,29.2,84.2,8.67,11.15,217.62,77.0,30.1,73.88,15.28,87.0,65.0,87.0,6.0,4.0,2.0,29.61,43.34,88.0
2025-06-05,24.42,72.9,8.99,11.85,211.5,67.17,30.26,69.62,12.72,77.0,60.0,77.0,6.0,5.0,3.0,29.2,29.61,87.0
2025-06-06,25.39,65.81,8.58,11.82,197.25,68.88,30.39,68.0,14.26,79.0,56.0,79.0,6.0,6.0,4.0,24.42,29.2,77.0
2025-06-07,24.31,67.27,7.9,10.4,187.38,70.29,29.94,70.62,16.99,77.0,57.0,77.0,6.0,7.0,5.0,25.39,24.42,79.0
2025-06-08,21.95,53.3,7.71,10.5,194.0,75.75,30.0,70.67,16.47,72.0,49.0,72.0,6.0,8.0,6.0,24.31,25.39,77.0
2025-06-09,22.55,50.15,8.1,10.44,191.08,71.12,30.02,69.58,16.95,73.0,46.0,73.0,6.0,9.0,0.0,21.95,24.31,72.0
2025-06-10,20.77,48.19,7.07,9.78,196.46,71.29,30.35,67.92,17.83,69.0,45.0,69.0,6.0,10.0,1.0,22.55,21.95,73.0
2025-06-11,21.54,48.08,7.54,10.5,199.83,70.04,30.38,71.29,16.64,71.0,45.0,71.0,6.0,11.0,2.0,20.77,22.55,69.0
2025-06-12,17.56,35.6,8.1,10.93,197.12,67.62,30.3,76.46,15.75,62.0,33.0,62.0,6.0,12.0,3.0,21.54,20.77,71.0
2025-06-13,20.16,52.88,10.7,12.42,242.12,71.62,30.75,79.62,13.32,68.0,49.0,68.0,6.0,13.0,4.0,17.56,21.54,62.0
2025-06-14,31.06,105.7,13.82,14.58,308.83,77.12,30.4,82.33,11.1,91.0,76.0,91.0,6.0,14.0,5.0,20.16,17.56,68.0
2025-06-15,34.05,126.36,15.81,14.82,339.33,70.83,30.3,79.79,8.67,97.0,86.0,97.0,6.0,15.0,6.0,31.06,20.16,91.0
2025-06-16,40.55,117.1,27.65,27.73,339.5,74.92,31.85,74.17,7.56,113.0,82.0,113.0,6.0,16.0,0.0,34.05,31.06,97.0
2025-06-17,33.02,100.62,16.29,14.99,289.46,70.88,31.9,74.54,11.1,95.0,74.0,95.0,6.0,17.0,1.0,40.55,34.05,113.0
2025-06-18,22.0,47.86,7.28,10.43,214.46,73.21,30.54,77.33,17.69,72.0,44.0,72.0,6.0,18.0,2.0,33.02,40.55,95.0
2025-06-19,20.36,48.4,6.08,8.15,197.92,65.62,30.31,75.83,21.34,68.0,45.0,68.0,6.0,19.0,3.0,22.0,33.02,72.0
2025-06-20,21.16,50.96,7.51,8.61,224.67,63.33,30.01,81.79,18.63,70.0,47.0,70.0,6.0,20.0,4.0,20.36,22.0,68.0
2025-06-21,20.05,43.6,8.36,9.97,226.25,61.92,30.05,82.92,17.13,68.0,40.0,68.0,6.0,21.0,5.0,21.16,20.36,70.0
2025-06-22,23.13,57.23,10.46,11.76,245.12,64.92,29.92,81.0,14.67,74.0,52.0,74.0,6.0,22.0,6.0,20.05,21.16,68.0
2025-06-23,26.6,64.38,11.01,13.11,241.33,66.0,30.23,79.62,13.35,82.0,56.0,82.0,6.0,23.0,0.0,23.13,20.05,74.0
2025-06-24,30.31,85.3,10.98,14.11,260.92,68.25,30.29,79.29,12.28,89.0,66.0,89.0,6.0,24.0,1.0,26.6,23.13,82.0
2025-06-25,32.25,83.03,16.3,17.13,367.21,66.17,29.96,78.58,9.41,93.0,65.0,93.0,6.0,25.0,2.0,30.31,26.6,89.0
2025-06-26,30.06,96.22,17.1,18.09,409.62,56.25,30.91,77.08,6.82,89.0,71.0,89.0,6.0,26.0,3.0,32.25,30.31,93.0
2025-06-27,34.28,71.84,26.82,20.94,502.04,69.58,29.76,81.96,8.06,98.0,59.0,98.0,6.0,27.0,4.0,30.06,32.25,89.0
2025-06-28,23.02,46.75,16.85,14.38,436.83,79.58,27.97,88.58,11.28,74.0,43.0,74.0,6.0,28.0,5.0,34.28,30.06,98.0
2025-06-29,15.12,26.43,16.44,14.92,332.54,67.67,28.91,84.46,12.1,57.0,24.0,57.0,6.0,29.0,6.0,23.02,34.28,74.0
2025-06-30,24.41,61.58,12.25,11.01,257.33,57.12,29.83,81.54,16.41,77.0,54.0,77.0,6.0,30.0,0.0,15.12,23.02,57.0
2025-07-01,23.42,56.77,10.93,10.82,246.5,53.88,29.85,81.54,14.33,75.0,52.0,75.0,7.0,1.0,1.0,24.41,15.12,77.0
2025-07-02,23.08,68.82,11.52,11.95,250.08,53.46,29.79,81.12,13.57,74.0,58.0,74.0,7.0,2.0,2.0,23.42,24.41,75.0
2025-07-03,27.69,84.24,16.37,16.46,322.25,48.79,29.93,80.38,10.45,84.0,65.0,84.0,7.0,3.0,3.0,23.08,23.42,74.0
2025-07-04,29.06,84.58,16.55,15.9,286.54,50.62,30.39,78.42,9.99,87.0,66.0,87.0,7.0,4.0,4.0,27.69,23.08,84.0
2025-07-05,33.28,93.98,11.2,12.74,242.29,68.17,30.93,75.62,11.79,96.0,70.0,96.0,7.0,5.0,5.0,29.06,27.69,87.0
2025-07-06,27.99,77.71,11.66,12.56,228.54,69.58,30.58,76.25,14.21,84.0,62.0,84.0,7.0,6.0,6.0,33.28,29.06,96.0
2025-07-07,33.83,92.67,19.41,19.6,313.79,60.5,30.41,76.38,8.95,97.0,70.0,97.0,7.0,7.0,0.0,27.99,33.28,84.0
2025-07-08,34.8,100.05,16.55,17.96,312.83,70.5,30.7,74.46,9.21,99.0,73.0,99.0,7.0,8.0,1.0,33.83,27.99,97.0
2025-07-09,32.6,91.85,15.48,15.38,265.25,58.5,30.5,77.58,11.02,94.0,69.0,94.0,7.0,9.0,2.0,34.8,33.83,99.0
2025-07-10,32.38,99.4,16.2,14.89,270.42,53.83,30.21,76.88,10.45,94.0,73.0,94.0,7.0,10.0,3.0,32.6,34.8,94.0
2025-07-11,27.99,76.97,15.39,15.21,259.04,52.5,30.4,75.79,11.07,84.0,62.0,84.0,7.0,11.0,4.0,32.38,32.6,94.0
2025-07-12,25.47,73.87,12.76,12.85,233.08,55.46,30.15,74.33,12.94,79.0,60.0,79.0,7.0,12.0,5.0,27.99,32.38,84.0
2025-07-13,24.62,79.76,9.77,11.3,223.62,60.5,29.92,74.96,15.21,77.0,63.0,77.0,7.0,13.0,6.0,25.47,27.99,79.0
2025-07-14,25.21,85.37,9.04,11.22,220.0,64.67,29.86,77.71,15.63,79.0,66.0,79.0,7.0,14.0,0.0,24.62,25.47,77.0
2025-07-15,29.29,82.06,11.59,13.3,234.17,59.92,29.9,74.17,12.67,87.0,64.0,87.0,7.0,15.0,1.0,25.21,24.62,79.0
2025-07-16,27.86,74.47,11.62,12.48,242.88,56.38,29.85,73.0,11.73,84.0,61.0,84.0,7.0,16.0,2.0,29.29,25.21,87.0
2025-07-17,28.16,76.38,11.32,13.84,254.88,54.92,29.68,76.0,12.02,85.0,62.0,85.0,7.0,17.0,3.0,27.86,29.29,84.0
2025-07-18,26.01,68.88,10.56,14.49,248.54,56.12,30.38,69.25,10.88,80.0,58.0,80.0,7.0,18.0,4.0,28.16,27.86,85.0
2025-07-19,25.04,66.15,8.57,12.65,206.92,56.83,30.2,73.38,15.42,78.0,57.0,78.0,7.0,19.0,5.0,26.01,28.16,80.0
2025-07-20,25.32,65.23,10.9,13.91,250.62,50.92,29.72,76.04,13.23,79.0,56.0,79.0,7.0,20.0,6.0,25.04,26.01,78.0
2025-07-21,28.56,67.71,13.32,14.48,264.42,54.33,29.98,76.42,11.6,86.0,57.0,86.0,7.0,21.0,0.0,25.32,25.04,79.0
2025-07-22,27.45,66.3,10.64,11.88,232.04,56.5,30.17,74.67,13.55,83.0,57.0,83.0,7.0,22.0,1.0,28.56,25.32,86.0
2025-07-23,23.74,60.16,8.14,8.92,221.71,57.71,29.4,77.62,18.45,75.0,54.0,75.0,7.0,23.0,2.0,27.45,28.56,83.0
2025-07-24,25.89,63.45,9.09,10.71,246.29,60.67,29.65,76.75,14.42,80.0,55.0,80.0,7.0,24.0,3.0,23.74,27.45,75.0
2025-07-25,24.27,65.19,10.27,11.83,249.62,60.38,29.7,76.83,12.94,77.0,56.0,77.0,7.0,25.0,4.0,25.89,23.74,80.0
2025-07-26,26.39,72.4,9.46,11.4,233.21,64.0,29.69,75.58,15.15,81.0,60.0,81.0,7.0,26.0,5.0,24.27,25.89,77.0
2025-07-27,26.16,67.95,9.3,11.33,222.96,63.25,29.38,75.42,15.4,81.0,57.0,81.0,7.0,27.0,6.0,26.39,24.27,81.0
2025-07-28,22.39,68.55,7.97,9.74,218.33,61.0,29.35,75.0,17.33,73.0,58.0,73.0,7.0,28.0,0.0,26.16,26.39,81.0
2025-07-29,20.34,53.97,7.18,8.36,202.21,59.38,29.23,76.33,19.76,68.0,50.0,68.0,7.0,29.0,1.0,22.39,26.16,73.0
2025-07-30,24.49,65.79,8.39,9.84,222.75,59.17,28.89,79.25,17.29,77.0,56.0,77.0,7.0,30.0,2.0,20.34,22.39,68.0
2025-07-31,26.92,74.75,11.12,12.06,252.25,56.25,28.78,80.08,12.12,82.0,61.0,82.0,7.0,31.0,3.0,24.49,20.34,77.0
2025-08-01,23.21,59.18,11.01,11.12,244.04,52.96,28.39,79.92,14.18,74.0,53.0,74.0,8.0,1.0,4.0,26.92,24.49,82.0
2025-08-02,21.65,62.0,11.82,10.68,230.83,50.67,28.07,81.25,15.78,71.0,54.0,71.0,8.0,2.0,5.0,23.21,26.92,74.0
2025-08-03,20.68,60.43,9.7,10.93,233.46,57.5,28.29,80.21,14.25,69.0,54.0,69.0,8.0,3.0,6.0,21.65,23.21,71.0
2025-08-04,18.12,49.77,10.08,10.35,218.04,55.33,28.31,79.5,15.04,64.0,46.0,64.0,8.0,4.0,0.0,20.68,21.65,69.0
2025-08-05,19.23,47.27,9.68,9.23,223.38,53.04,28.02,80.0,16.88,66.0,44.0,66.0,8.0,5.0,1.0,18.12,20.68,64.0
2025-08-06,20.94,50.06,9.4,9.97,246.96,53.5,27.98,79.62,16.07,70.0,46.0,70.0,8.0,6.0,2.0,19.23,18.12,66.0
2025-08-07,21.57,50.68,10.82,11.08,251.0,52.71,28.03,80.38,15.02,71.0,47.0,71.0,8.0,7.0,3.0,20.94,19.23,70.0
2025-08-08,18.65,42.59,8.71,9.75,223.04,53.67,28.24,76.75,16.37,65.0,39.0,65.0,8.0,8.0,4.0,21.57,20.94,71.0
2025-08-09,17.29,39.28,8.82,10.09,212.12,50.25,28.18,78.33,15.94,62.0,36.0,62.0,8.0,9.0,5.0,18.65,21.57,65.0
2025-08-10,19.41,43.31,8.88,10.34,214.25,50.21,27.99,79.04,15.4,66.0,40.0,66.0,8.0,10.0,6.0,17.29,18.65,62.0
2025-08-11,19.39,46.84,8.91,9.24,223.33,45.71,27.68,80.0,17.18,66.0,43.0,66.0,8.0,11.0,0.0,19.41,17.29,66.0
2025-08-12,18.74,39.62,8.51,8.94,223.96,46.38,27.99,77.04,18.18,65.0,37.0,65.0,8.0,12.0,1.0,19.39,19.41,66.0
2025-08-13,21.43,46.59,11.17,11.81,265.42,47.79,28.06,80.58,13.03,71.0,43.0,71.0,8.0,13.0,2.0,18.74,19.39,65.0
2025-08-14,21.78,50.84,17.96,16.39,396.21,41.17,28.46,82.0,7.26,71.0,47.0,71.0,8.0,14.0,3.0,21.43,18.74,71.0
2025-08-15,27.4,69.17,20.95,20.9,471.88,53.25,29.33,77.25,6.14,83.0,58.0,83.0,8.0,15.0,4.0,21.78,21.43,71.0
2025-08-16,27.88,64.26,21.21,21.79,323.17,61.46,29.45,77.96,7.48,84.0,56.0,84.0,8.0,16.0,5.0,27.4,21.78,83.0
2025-08-17,23.04,46.9,17.59,18.48,329.42,62.25,30.01,75.88,8.6,74.0,43.0,74.0,8.0,17.0,6.0,27.88,27.4,84.0
2025-08-18,25.5,40.17,21.62,19.54,470.46,72.0,30.55,78.12,7.79,79.0,37.0,79.0,8.0,18.0,0.0,23.04,27.88,74.0
2025-08-19,28.01,45.57,26.82,18.35,416.62,64.29,28.66,85.96,7.1,84.0,42.0,84.0,8.0,19.0,1.0,25.5,23.04,79.0
2025-08-20,29.11,35.72,23.25,13.68,1137.58,86.92,28.68,87.46,6.33,87.0,33.0,87.0,8.0,20.0,2.0,28.01,25.5,84.0
2025-08-21,25.75,31.4,33.17,19.0,1403.33,54.12,28.1,89.83,4.71,80.0,29.0,80.0,8.0,21.0,3.0,29.11,28.01,87.0
2025-08-22,24.77,32.25,26.22,17.61,359.25,67.46,28.07,87.71,12.49,78.0,30.0,78.0,8.0,22.0,4.0,25.75,29.11,80.0
2025-08-23,25.26,50.77,10.4,9.51,254.25,57.96,28.22,85.12,17.28,79.0,47.0,79.0,8.0,23.0,5.0,24.77,25.75,78.0
2025-08-24,22.13,55.66,10.82,9.71,250.46,52.38,28.17,86.75,16.2,72.0,51.0,72.0,8.0,24.0,6.0,25.26,24.77,79.0
2025-08-25,22.37,65.05,13.98,12.88,297.46,47.71,28.18,86.92,12.4,73.0,56.0,73.0,8.0,25.0,0.0,22.13,25.26,72.0
2025-08-26,26.6,85.5,16.22,13.7,334.29,44.88,28.07,85.21,9.3,81.0,66.0,81.0,8.0,26.0,1.0,22.37,22.13,73.0
2025-08-27,27.65,73.58,15.63,13.43,306.42,48.88,28.03,85.0,10.77,84.0,60.0,84.0,8.0,27.0,2.0,26.6,22.37,81.0
2025-08-28,29.28,73.41,13.82,13.4,291.58,54.0,28.05,83.67,11.03,87.0,60.0,87.0,8.0,28.0,3.0,27.65,26.6,84.0
2025-08-29,33.4,90.25,14.94,13.86,324.38,55.58,27.8,84.67,10.86,96.0,68.0,96.0,8.0,29.0,4.0,29.28,27.65,87.0
2025-08-30,39.38,100.83,18.29,16.02,324.88,54.42,28.27,82.79,9.11,111.0,74.0,111.0,8.0,30.0,5.0,33.4,29.28,96.0
2025-08-31,28.8,78.93,13.92,13.07,252.04,53.04,28.29,80.21,13.12,86.0,63.0,86.0,8.0,31.0,6.0,39.38,33.4,111.0
2025-09-01,22.87,54.77,10.73,9.93,222.04,54.71,28.1,77.62,16.59,74.0,51.0,74.0,9.0,1.0,0.0,28.8,39.38,86.0
2025-09-02,25.94,54.75,12.41,11.56,253.79,55.08,28.08,77.46,13.02,80.0,51.0,80.0,9.0,2.0,1.0,22.87,28.8,74.0
2025-09-03,31.43,65.41,17.04,14.16,271.25,51.71,28.5,72.92,10.87,92.0,56.0,92.0,9.0,3.0,2.0,25.94,22.87,80.0
2025-09-04,26.9,63.97,15.2,14.52,254.71,54.79,28.18,76.92,10.84,82.0,55.0,82.0,9.0,4.0,3.0,31.43,25.94,92.0
2025-09-05,25.99,54.36,12.86,13.12,254.17,61.21,28.69,77.92,12.5,80.0,51.0,80.0,9.0,5.0,4.0,26.9,31.43,82.0
2025-09-06,27.07,54.92,13.07,11.93,229.33,56.33,28.62,78.58,13.59,82.0,51.0,82.0,9.0,6.0,5.0,25.99,26.9,80.0
2025-09-07,23.17,44.36,12.15,11.5,231.83,55.25,28.4,78.38,14.3,74.0,41.0,74.0,9.0,7.0,6.0,27.07,25.99,82.0
2025-09-08,25.78,50.06,18.34,13.17,315.79,46.46,27.22,84.96,12.6,80.0,46.0,80.0,9.0,8.0,0.0,23.17,27.07,74.0
2025-09-09,21.21,35.51,25.48,13.0,313.83,38.46,26.12,92.25,14.86,70.0,33.0,70.0,9.0,9.0,1.0,25.78,23.17,80.0
2025-09-10,18.32,35.38,21.6,11.86,381.79,34.88,26.37,88.38,13.98,64.0,33.0,64.0,9.0,10.0,2.0,21.21,25.78,70.0
2025-09-11,17.2,32.97,19.62,13.13,398.5,35.58,26.47,87.83,10.04,62.0,31.0,62.0,9.0,11.0,3.0,18.32,21.21,64.0
2025-09-12,14.37,26.41,16.41,12.27,330.42,36.17,27.19,83.83,11.04,56.0,24.0,56.0,9.0,12.0,4.0,17.2,18.32,62.0
2025-09-13,13.7,23.47,16.32,12.85,310.21,37.79,27.49,81.38,10.62,54.0,22.0,54.0,9.0,13.0,5.0,14.37,17.2,56.0
2025-09-14,12.5,21.54,12.08,10.93,248.25,41.88,27.6,81.29,13.63,52.0,20.0,52.0,9.0,14.0,6.0,13.7,14.37,54.0
2025-09-15,13.61,25.16,9.78,9.01,236.67,41.33,27.43,81.88,17.53,54.0,23.0,54.0,9.0,15.0,0.0,12.5,13.7,52.0
2025-09-16,16.93,36.78,11.98,9.68,264.5,39.58,27.71,83.21,15.33,61.0,34.0,61.0,9.0,16.0,1.0,13.61,12.5,54.0
2025-09-17,22.88,60.03,16.94,13.99,353.21,40.79,27.72,83.79,9.99,74.0,53.0,74.0,9.0,17.0,2.0,16.93,13.61,61.0
2025-09-18,27.02,77.6,19.72,14.39,344.58,44.42,27.45,86.25,9.65,82.0,62.0,82.0,9.0,18.0,3.0,22.88,16.93,74.0
2025-09-19,28.48,91.0,19.39,13.78,316.5,40.75,27.3,82.67,10.28,85.0,69.0,85.0,9.0,19.0,4.0,27.02,22.88,82.0
2025-09-20,26.5,77.69,20.0,13.17,301.79,36.5,27.36,81.17,11.24,81.0,62.0,81.0,9.0,20.0,5.0,28.48,27.02,85.0
2025-09-21,24.22,70.12,17.14,12.56,262.25,39.92,27.5,75.83,12.0,76.0,58.0,76.0,9.0,21.0,6.0,26.5,28.48,81.0
2025-09-22,20.03,48.96,12.82,11.24,239.96,47.5,27.73,75.0,13.62,68.0,45.0,68.0,9.0,22.0,0.0,24.22,26.5,76.0
2025-09-23,18.2,38.54,12.25,10.86,231.54,47.58,27.63,78.04,14.7,64.0,36.0,64.0,9.0,23.0,1.0,20.03,24.22,68.0
2025-09-24,21.94,50.92,14.51,11.3,271.08,42.62,27.54,80.12,13.9,72.0,47.0,72.0,9.0,24.0,2.0,18.2,20.03,64.0
2025-09-25,25.35,56.82,18.24,14.26,339.92,42.67,27.64,81.83,9.33,79.0,52.0,79.0,9.0,25.0,3.0,21.94,18.2,72.0
2025-09-26,29.85,58.49,23.87,17.53,404.62,48.17,27.95,77.08,7.78,88.0,53.0,88.0,9.0,26.0,4.0,25.35,21.94,79.0
2025-09-27,22.29,35.62,22.17,17.24,323.83,53.92,28.35,77.71,9.2,72.0,33.0,72.0,9.0,27.0,5.0,29.85,25.35,88.0
2025-09-28,24.85,43.01,17.69,14.64,271.33,59.96,28.9,80.83,11.51,78.0,40.0,78.0,9.0,28.0,6.0,22.29,29.85,72.0
2025-09-29,31.88,47.02,25.82,14.38,556.29,77.71,32.48,58.21,9.49,93.0,44.0,93.0,9.0,29.0,0.0,24.85,22.29,78.0
2025-09-30,30.16,42.39,33.39,14.6,855.75,66.0,30.45,70.08,7.45,89.0,39.0,89.0,9.0,30.0,1.0,31.88,24.85,93.0
2025-10-01,16.53,17.52,13.69,9.11,617.71,77.92,29.88,70.42,9.85,60.0,16.0,60.0,10.0,1.0,2.0,30.16,31.88,89.0
2025-10-02,11.97,15.15,11.68,8.16,573.46,67.71,30.2,66.42,11.07,50.0,14.0,50.0,10.0,2.0,3.0,16.53,30.16,60.0
2025-10-03,9.3,12.74,10.91,7.89,503.04,58.96,28.75,74.21,12.78,39.0,12.0,39.0,10.0,3.0,4.0,11.97,16.53,50.0
2025-10-04,13.58,19.79,16.22,10.88,505.67,45.25,27.97,81.12,11.6,54.0,18.0,54.0,10.0,4.0,5.0,9.3,11.97,39.0
2025-10-05,14.51,21.07,12.88,11.0,322.54,57.83,28.52,78.5,12.5,56.0,20.0,56.0,10.0,5.0,6.0,13.58,9.3,54.0
2025-10-06,33.58,119.35,9.35,8.85,276.5,78.62,28.88,68.12,19.17,96.0,83.0,96.0,10.0,6.0,0.0,14.51,13.58,56.0
2025-10-07,36.73,148.92,17.28,14.0,528.42,67.42,28.79,61.67,11.32,104.0,97.0,104.0,10.0,7.0,1.0,33.58,14.51,96.0
2025-10-08,41.6,119.36,33.19,22.32,613.42,56.62,27.56,68.0,6.45,116.0,83.0,116.0,10.0,8.0,2.0,36.73,33.58,104.0
2025-10-09,40.53,100.6,30.01,21.1,629.62,61.46,27.48,66.21,7.4,113.0,74.0,113.0,10.0,9.0,3.0,41.6,36.73,116.0
2025-10-10,38.86,81.7,27.38,19.22,582.5,68.38,27.43,64.54,7.78,109.0,64.0,109.0,10.0,10.0,4.0,40.53,41.6,113.0
2025-10-11,41.45,74.15,27.46,19.73,727.33,74.17,27.22,65.25,6.38,116.0,60.0,116.0,10.0,11.0,5.0,38.86,40.53,109.0
2025-10-12,38.38,60.28,24.3,18.88,582.92,86.0,27.88,57.92,7.21,108.0,54.0,108.0,10.0,12.0,6.0,41.45,38.86,116.0
2025-10-13,38.28,52.0,22.25,16.25,603.58,88.96,27.55,61.67,8.0,108.0,48.0,108.0,10.0,13.0,0.0,38.38,41.45,108.0
2025-10-14,35.16,43.96,22.58,16.26,526.79,90.62,27.72,61.62,8.88,100.0,41.0,100.0,10.0,14.0,1.0,38.28,38.38,108.0
2025-10-15,29.35,33.62,21.59,16.02,524.12,99.33,28.06,54.21,9.53,87.0,31.0,87.0,10.0,15.0,2.0,35.16,38.28,100.0
2025-10-16,29.2,32.49,25.17,18.54,637.5,101.62,29.0,42.42,8.4,87.0,30.0,87.0,10.0,16.0,3.0,29.35,35.16,87.0
2025-10-17,32.48,38.98,31.0,20.0,693.54,99.46,28.97,38.96,7.46,94.0,36.0,94.0,10.0,17.0,4.0,29.2,29.35,87.0
2025-10-18,32.41,38.51,31.22,21.34,739.12,101.04,28.43,55.12,8.05,94.0,36.0,94.0,10.0,18.0,5.0,32.48,29.2,94.0
2025-10-19,27.48,35.05,26.75,19.0,621.58,92.88,28.76,51.54,9.0,83.0,32.0,83.0,10.0,19.0,6.0,32.41,32.48,94.0
2025-10-20,24.11,30.43,28.6,18.01,595.75,89.67,29.17,43.38,8.73,76.0,28.0,76.0,10.0,20.0,0.0,27.48,32.41,83.0
2025-10-21,33.78,40.35,37.33,19.93,886.67,77.96,29.53,39.33,7.01,97.0,37.0,97.0,10.0,21.0,1.0,24.11,27.48,76.0
2025-10-22,36.17,43.61,32.32,16.12,702.25,91.83,31.04,29.0,10.34,103.0,40.0,103.0,10.0,22.0,2.0,33.78,24.11,97.0
2025-10-23,38.77,49.9,43.9,18.19,902.75,82.25,29.82,33.17,7.59,109.0,46.0,109.0,10.0,23.0,3.0,36.17,33.78,103.0
2025-10-24,36.7,41.85,52.96,21.52,1223.25,75.67,29.74,31.75,7.47,104.0,39.0,104.0,10.0,24.0,4.0,38.77,36.17,109.0
2025-10-25,27.22,31.0,36.4,14.69,1102.42,84.54,30.21,27.04,7.56,83.0,29.0,83.0,10.0,25.0,5.0,36.7,38.77,104.0
2025-10-26,22.81,25.68,19.08,11.35,571.29,100.79,30.64,23.71,12.33,74.0,24.0,74.0,10.0,26.0,6.0,27.22,36.7,83.0
2025-10-27,24.96,28.95,13.75,10.78,506.54,105.17,30.4,24.58,15.67,78.0,27.0,78.0,10.0,27.0,0.0,22.81,27.22,74.0
2025-10-28,34.65,41.33,11.39,13.06,500.46,115.04,29.46,32.58,16.59,98.0,38.0,98.0,10.0,28.0,1.0,24.96,22.81,78.0
2025-10-29,35.02,39.1,12.06,11.47,469.79,100.21,28.97,36.12,16.18,99.0,36.0,99.0,10.0,29.0,2.0,34.65,24.96,98.0
2025-10-30,31.92,36.17,15.21,11.09,464.75,91.92,29.49,35.62,14.62,93.0,33.0,93.0,10.0,30.0,3.0,35.02,34.65,99.0
2025-10-31,55.72,68.83,28.83,19.46,929.04,89.0,29.55,34.67,7.62,151.0,58.0,151.0,10.0,31.0,4.0,31.92,35.02,93.0
2025-11-01,72.42,82.18,50.03,24.84,1176.83,68.67,27.8,38.75,7.79,160.0,64.0,160.0,11.0,1.0,5.0,55.72,31.92,151.0
2025-11-02,54.9,61.38,43.22,26.95,963.5,70.54,27.46,50.58,7.99,149.0,54.0,149.0,11.0,2.0,6.0,72.42,55.72,160.0
2025-11-03,33.17,56.49,23.44,14.12,710.79,60.38,25.77,77.83,9.14,95.0,52.0,95.0,11.0,3.0,0.0,54.9,72.42,149.0
2025-11-04,28.04,45.04,22.22,12.62,452.88,69.42,28.22,45.58,12.67,85.0,42.0,85.0,11.0,4.0,1.0,33.17,54.9,95.0
2025-11-05,31.83,44.78,35.86,13.62,984.67,65.5,27.17,23.54,8.99,92.0,41.0,92.0,11.0,5.0,2.0,28.04,33.17,85.0
2025-11-06,52.15,67.57,48.85,26.75,1097.29,73.12,25.07,38.58,6.88,142.0,57.0,142.0,11.0,6.0,3.0,31.83,28.04,92.0
2025-11-07,43.67,61.51,34.07,19.54,796.46,74.08,24.7,51.54,7.66,121.0,54.0,121.0,11.0,7.0,4.0,52.15,31.83,142.0
2025-11-08,42.45,55.75,30.42,17.96,936.08,73.25,23.88,66.75,7.51,118.0,51.0,118.0,11.0,8.0,5.0,43.67,52.15,121.0
2025-11-09,43.54,70.75,38.69,22.98,1460.04,51.33,23.62,68.88,5.54,121.0,59.0,121.0,11.0,9.0,6.0,42.45,43.67,118.0
2025-11-10,35.01,48.02,41.15,23.08,1276.0,53.38,23.5,66.38,5.6,99.0,44.0,99.0,11.0,10.0,0.0,43.54,42.45,121.0
2025-11-11,41.22,48.5,47.51,30.45,1232.25,55.96,23.35,69.29,5.35,115.0,45.0,115.0,11.0,11.0,1.0,35.01,43.54,99.0
2025-11-12,31.22,37.9,39.43,25.24,819.25,65.46,23.72,70.0,6.52,91.0,35.0,91.0,11.0,12.0,2.0,41.22,35.01,115.0
2025-11-13,27.47,38.18,29.78,25.4,778.92,79.12,23.95,67.38,6.91,83.0,35.0,83.0,11.0,13.0,3.0,31.22,41.22,91.0
2025-11-14,27.65,34.76,33.6,23.96,808.12,68.92,23.92,60.25,7.52,84.0,32.0,84.0,11.0,14.0,4.0,27.47,31.22,83.0
2025-11-15,29.58,34.16,40.05,25.22,875.08,64.83,23.97,48.46,7.79,88.0,32.0,88.0,11.0,15.0,5.0,27.65,27.47,84.0
2025-11-16,30.93,31.5,46.45,24.38,1228.58,71.12,24.54,37.79,7.06,91.0,29.0,91.0,11.0,16.0,6.0,29.58,27.65,88.0
2025-11-17,34.17,34.7,48.02,33.01,1008.71,79.75,23.68,40.0,6.55,97.0,32.0,97.0,11.0,17.0,0.0,30.93,29.58,91.0
2025-11-18,41.91,44.12,42.6,32.35,781.0,78.58,23.23,58.08,6.52,117.0,41.0,117.0,11.0,18.0,1.0,34.17,30.93,97.0
2025-11-19,41.47,44.09,40.72,30.62,810.96,73.75,23.06,62.79,6.57,116.0,41.0,116.0,11.0,19.0,2.0,41.91,34.17,117.0
2025-11-20,35.57,36.72,31.76,30.13,801.42,84.17,23.14,66.67,7.02,101.0,34.0,101.0,11.0,20.0,3.0,41.47,41.91,116.0
2025-11-21,40.09,40.99,41.77,33.31,956.54,72.08,23.56,54.5,6.43,112.0,38.0,112.0,11.0,21.0,4.0,35.57,41.47,101.0
2025-11-22,55.26,59.16,43.88,30.61,1009.54,80.21,23.49,50.71,6.83,150.0,53.0,150.0,11.0,22.0,5.0,40.09,35.57,112.0
2025-11-23,65.78,72.98,48.75,33.47,1134.46,68.58,22.94,52.67,6.59,156.0,60.0,156.0,11.0,23.0,6.0,55.26,40.09,150.0
2025-11-24,48.92,51.74,48.6,25.59,1151.08,60.67,22.87,43.79,7.2,134.0,48.0,134.0,11.0,24.0,0.0,65.78,55.26,156.0
2025-11-25,38.79,40.38,25.95,19.06,720.46,90.62,22.96,32.25,10.22,109.0,37.0,109.0,11.0,25.0,1.0,48.92,65.78,134.0
2025-11-26,38.55,39.61,26.62,18.62,862.38,92.25,23.3,30.54,7.7,109.0,37.0,109.0,11.0,26.0,2.0,38.79,48.92,109.0
2025-11-27,33.68,34.63,16.08,16.18,617.71,103.5,22.91,28.04,12.01,96.0,32.0,96.0,11.0,27.0,3.0,38.55,38.79,109.0
2025-11-28,37.54,38.53,16.44,20.42,704.5,111.29,22.47,29.08,11.85,106.0,36.0,106.0,11.0,28.0,4.0,33.68,38.55,96.0
2025-11-29,40.78,41.71,19.54,23.71,797.29,112.62,22.25,31.79,10.0,114.0,39.0,114.0,11.0,29.0,5.0,37.54,33.68,106.0
2025-11-30,35.73,36.28,32.07,28.13,915.29,92.38,21.69,36.25,7.85,102.0,34.0,102.0,11.0,30.0,6.0,40.78,37.54,114.0
2025-12-01,30.06,34.98,42.71,23.47,1097.62,54.92,21.41,47.58,7.03,89.0,32.0,89.0,12.0,1.0,0.0,35.73,40.78,102.0
2025-12-02,40.03,49.65,49.77,35.85,1257.21,62.79,20.69,43.12,6.21,112.0,46.0,112.0,12.0,2.0,1.0,30.06,35.73,89.0
2025-12-03,25.77,27.22,24.37,15.79,664.0,85.67,21.31,27.42,10.0,80.0,25.0,80.0,12.0,3.0,2.0,40.03,30.06,112.0
2025-12-04,25.92,26.68,19.91,17.47,752.25,90.04,22.32,26.54,8.62,80.0,25.0,80.0,12.0,4.0,3.0,25.77,40.03,80.0
2025-12-05,22.05,22.23,27.53,18.36,1134.67,78.38,21.66,32.79,6.56,72.0,21.0,72.0,12.0,5.0,4.0,25.92,25.77,80.0
2025-12-06,25.0,25.2,21.17,14.9,720.29,80.75,22.81,28.04,10.12,78.0,23.0,78.0,12.0,6.0,5.0,22.05,25.92,72.0
2025-12-07,45.61,45.92,33.7,22.01,928.08,70.75,22.49,27.96,7.15,126.0,43.0,126.0,12.0,7.0,6.0,25.0,22.05,78.0
2025-12-08,29.92,30.24,31.89,16.76,931.71,71.25,22.65,28.92,6.86,88.0,28.0,88.0,12.0,8.0,0.0,45.61,25.0,126.0
2025-12-09,27.79,29.22,34.02,23.86,1244.17,74.75,22.75,32.5,6.22,84.0,27.0,84.0,12.0,9.0,1.0,29.92,45.61,88.0
2025-12-10,29.77,30.11,49.18,32.23,1229.42,56.33,21.56,42.75,5.79,88.0,28.0,88.0,12.0,10.0,2.0,27.79,29.92,84.0
2025-12-11,25.58,28.98,42.1,26.47,1121.5,62.38,20.72,75.42,5.23,79.0,27.0,79.0,12.0,11.0,3.0,29.77,27.79,88.0
2025-12-12,26.55,29.63,39.92,21.72,842.62,54.67,20.27,80.5,6.16,81.0,27.0,81.0,12.0,12.0,4.0,25.58,29.77,79.0
2025-12-13,23.23,25.38,34.68,21.36,936.62,60.96,21.6,72.5,5.93,74.0,23.0,74.0,12.0,13.0,5.0,26.55,25.58,81.0
2025-12-14,37.12,40.6,47.24,31.77,1077.88,56.29,21.13,63.21,6.16,105.0,38.0,105.0,12.0,14.0,6.0,23.23,26.55,74.0
2025-12-15,57.43,61.25,28.72,20.38,924.29,85.96,21.6,44.96,8.06,152.0,54.0,152.0,12.0,15.0,0.0,37.12,23.23,105.0
2025-12-16,50.3,52.82,13.92,20.05,957.17,107.38,22.14,43.46,12.0,137.0,49.0,137.0,12.0,16.0,1.0,57.43,37.12,152.0
2025-12-17,50.11,52.27,23.38,25.28,1051.67,99.04,22.39,40.17,9.93,137.0,48.0,137.0,12.0,17.0,2.0,50.3,57.43,137.0
2025-12-18,43.39,45.95,40.09,32.29,1180.12,82.92,21.55,45.38,7.16,120.0,43.0,120.0,12.0,18.0,3.0,50.11,50.3,137.0
2025-12-19,49.46,51.73,47.08,30.17,1752.42,81.29,22.57,43.33,5.72,135.0,48.0,135.0,12.0,19.0,4.0,43.39,50.11,120.0
2025-12-20,59.3,61.27,54.96,34.95,1492.62,72.75,23.25,48.46,4.72,153.0,54.0,153.0,12.0,20.0,5.0,49.46,43.39,135.0
2025-12-21,33.99,44.04,32.95,19.48,952.71,58.71,22.52,72.12,5.95,97.0,41.0,97.0,12.0,21.0,6.0,59.3,49.46,153.0
2025-12-22,35.3,46.13,35.92,20.67,787.5,64.79,22.2,50.33,7.28,100.0,43.0,100.0,12.0,22.0,0.0,33.99,59.3,97.0
2025-12-23,53.18,57.99,22.47,22.96,800.96,91.38,22.01,48.17,10.09,145.0,52.0,145.0,12.0,23.0,1.0,35.3,33.99,100.0
2025-12-24,38.01,44.76,34.44,21.7,861.88,72.08,20.65,46.46,7.58,107.0,41.0,107.0,12.0,24.0,2.0,53.18,35.3,145.0
2025-12-25,44.02,47.16,46.88,36.74,972.83,61.92,19.58,56.67,6.1,122.0,44.0,122.0,12.0,25.0,3.0,38.01,53.18,107.0
2025-12-26,39.87,42.45,38.34,32.72,964.46,63.71,19.71,67.25,5.96,112.0,39.0,112.0,12.0,26.0,4.0,44.02,38.01,122.0
2025-12-27,49.38,51.54,55.16,32.5,954.75,69.42,20.16,49.21,7.04,135.0,48.0,135.0,12.0,27.0,5.0,39.87,44.02,112.0
2025-12-28,41.17,41.78,49.14,33.56,974.79,70.46,20.31,42.54,6.66,115.0,39.0,115.0,12.0,28.0,6.0,49.38,39.87,135.0
2025-12-29,46.64,47.6,37.5,33.36,1040.88,83.46,20.22,47.92,6.79,128.0,44.0,128.0,12.0,29.0,0.0,41.17,49.38,115.0
2025-12-30,46.46,48.9,27.98,20.53,1119.88,75.75,20.45,68.0,7.26,128.0,45.0,128.0,12.0,30.0,1.0,46.64,41.17,128.0
2025-12-31,20.2,31.64,26.5,15.2,627.92,65.17,21.17,64.42,9.61,68.0,29.0,68.0,12.0,31.0,2.0,46.46,46.64,128.0
2026-01-01,50.88,64.73,41.08,23.55,951.38,62.21,19.88,59.88,6.55,139.0,56.0,139.0,1.0,1.0,3.0,20.2,46.46,68.0
2026-01-02,56.7,78.38,45.85,27.08,1000.83,62.46,19.78,53.38,6.89,152.0,63.0,152.0,1.0,2.0,4.0,50.88,20.2,139.0
2026-01-03,53.38,67.83,48.02,30.7,1212.79,67.12,18.87,57.83,5.76,145.0,57.0,145.0,1.0,3.0,5.0,56.7,50.88,152.0
2026-01-04,60.02,97.15,41.81,30.44,1132.58,64.29,18.92,71.58,5.92,153.0,72.0,153.0,1.0,4.0,6.0,53.38,56.7,145.0
2026-01-05,57.58,87.32,48.15,29.89,1032.96,71.62,19.58,67.17,5.99,152.0,67.0,152.0,1.0,5.0,0.0,60.02,53.38,153.0
2026-01-06,38.09,46.18,20.4,14.17,743.83,91.33,20.0,48.79,10.03,107.0,43.0,107.0,1.0,6.0,1.0,57.58,60.02,152.0
2026-01-07,41.41,46.3,15.15,14.58,648.17,99.58,19.08,44.75,11.74,116.0,43.0,116.0,1.0,7.0,2.0,38.09,57.58,107.0
2026-01-08,30.03,31.17,16.17,13.68,687.25,97.04,18.11,37.67,12.2,89.0,29.0,89.0,1.0,8.0,3.0,41.41,38.09,116.0
2026-01-09,23.98,25.35,24.69,16.36,917.0,89.29,17.8,35.54,7.49,76.0,23.0,76.0,1.0,9.0,4.0,30.03,41.41,89.0
2026-01-10,28.81,30.32,27.64,20.88,940.88,89.58,18.07,34.96,8.45,86.0,28.0,86.0,1.0,10.0,5.0,23.98,30.03,76.0
2026-01-11,35.57,37.68,20.1,15.29,784.5,90.04,17.43,37.46,9.58,101.0,35.0,101.0,1.0,11.0,6.0,28.81,23.98,86.0
2026-01-12,50.07,52.33,40.41,25.56,1271.42,87.5,16.95,49.08,6.17,137.0,48.0,137.0,1.0,12.0,0.0,35.57,28.81,101.0
2026-01-13,42.85,44.47,46.78,26.57,1513.92,70.67,18.25,46.46,5.68,119.0,41.0,119.0,1.0,13.0,1.0,50.07,35.57,137.0
2026-01-14,42.52,49.11,41.22,21.89,1540.33,54.92,19.28,60.58,5.4,118.0,45.0,118.0,1.0,14.0,2.0,42.85,50.07,119.0
2026-01-15,33.8,40.77,37.29,19.06,1272.92,57.04,20.64,77.25,6.26,97.0,38.0,97.0,1.0,15.0,3.0,42.52,42.85,118.0
2026-01-16,40.3,49.57,45.65,22.12,1285.71,48.58,20.85,73.08,6.5,113.0,46.0,113.0,1.0,16.0,4.0,33.8,42.52,97.0
2026-01-17,29.39,55.89,25.87,14.28,600.58,70.29,21.96,69.67,8.58,87.0,51.0,87.0,1.0,17.0,5.0,40.3,33.8,113.0
2026-01-18,33.38,55.26,29.68,22.97,1092.54,68.04,20.56,69.67,6.48,96.0,51.0,96.0,1.0,18.0,6.0,29.39,40.3,87.0
2026-01-19,41.37,86.98,32.68,20.55,1207.0,60.88,20.48,68.67,5.72,115.0,67.0,115.0,1.0,19.0,0.0,33.38,29.39,96.0
2026-01-20,33.04,61.52,28.82,18.52,1233.62,61.88,20.05,58.5,5.67,95.0,54.0,95.0,1.0,20.0,1.0,41.37,33.38,115.0
2026-01-21,29.65,45.05,31.89,21.15,895.0,62.67,19.55,62.54,6.13,88.0,42.0,88.0,1.0,21.0,2.0,33.04,41.37,95.0
2026-01-22,30.3,59.35,31.52,15.95,758.71,55.12,18.81,68.25,11.61,89.0,53.0,89.0,1.0,22.0,3.0,29.65,33.04,88.0
2026-01-23,34.1,114.63,19.87,16.79,397.29,69.17,13.6,42.88,11.81,97.0,81.0,97.0,1.0,23.0,4.0,30.3,29.65,89.0
2026-01-24,25.99,53.33,23.47,11.77,522.42,65.92,14.59,42.62,12.42,80.0,49.0,80.0,1.0,24.0,5.0,34.1,30.3,97.0
2026-01-25,20.32,23.5,12.15,10.99,581.42,88.79,15.71,37.5,15.31,68.0,22.0,68.0,1.0,25.0,6.0,25.99,34.1,80.0
2026-01-26,25.52,27.08,22.72,20.17,577.04,93.29,17.1,37.42,11.48,79.0,25.0,79.0,1.0,26.0,0.0,20.32,25.99,68.0
2026-01-27,19.14,23.96,23.43,25.48,745.04,83.58,17.78,40.08,8.05,66.0,22.0,66.0,1.0,27.0,1.0,25.52,20.32,79.0
2026-01-28,34.77,38.36,44.56,25.06,1053.46,62.92,18.56,47.96,7.23,99.0,36.0,99.0,1.0,28.0,2.0,19.14,25.52,66.0
2026-01-29,25.44,32.8,32.39,15.87,752.96,69.62,19.01,44.25,8.11,79.0,30.0,79.0,1.0,29.0,3.0,34.77,19.14,99.0
2026-01-30,23.8,31.52,29.68,18.01,701.29,83.88,19.46,44.33,9.05,76.0,29.0,76.0,1.0,30.0,4.0,25.44,34.77,79.0
2026-01-31,34.82,41.52,34.41,24.05,850.38,83.88,19.45,50.58,7.57,99.0,38.0,99.0,1.0,31.0,5.0,23.8,25.44,76.0
2026-02-01,31.22,50.67,28.8,18.58,862.62,71.83,20.46,70.12,6.61,91.0,47.0,91.0,2.0,1.0,6.0,34.82,23.8,99.0
2026-02-02,37.47,53.72,37.17,16.88,807.29,61.96,21.99,50.96,7.85,106.0,50.0,106.0,2.0,2.0,0.0,31.22,34.82,91.0
2026-02-03,44.28,66.03,38.63,16.51,871.29,64.29,22.34,43.04,8.27,123.0,56.0,123.0,2.0,3.0,1.0,37.47,31.22,106.0
2026-02-04,29.32,40.3,26.33,12.6,655.46,76.29,23.37,35.29,11.21,87.0,37.0,87.0,2.0,4.0,2.0,44.28,37.47,123.0
2026-02-05,39.65,45.97,30.15,19.02,831.17,85.33,23.69,33.25,10.72,111.0,43.0,111.0,2.0,5.0,3.0,29.32,44.28,87.0
2026-02-06,32.43,36.19,37.12,23.35,818.54,83.79,22.17,43.25,7.85,94.0,34.0,94.0,2.0,6.0,4.0,39.65,29.32,111.0
2026-02-07,36.36,48.88,30.37,20.2,904.54,81.17,21.92,72.08,7.01,103.0,45.0,103.0,2.0,7.0,5.0,32.43,39.65,94.0
2026-02-08,48.85,61.92,40.03,25.62,965.83,69.92,21.37,72.46,6.49,134.0,54.0,134.0,2.0,8.0,6.0,36.36,32.43,103.0
2026-02-09,32.27,59.99,19.39,12.13,441.33,63.83,22.1,75.17,10.91,93.0,53.0,93.0,2.0,9.0,0.0,48.85,36.36,134.0
2026-02-10,33.66,68.81,21.74,14.14,545.5,74.5,22.8,74.88,7.72,96.0,58.0,96.0,2.0,10.0,1.0,32.27,48.85,93.0
2026-02-11,46.88,60.78,29.91,17.47,689.5,79.08,23.99,49.0,11.34,129.0,54.0,129.0,2.0,11.0,2.0,33.66,32.27,96.0
2026-02-12,39.11,48.23,28.6,18.54,655.46,89.21,23.75,44.54,8.85,110.0,45.0,110.0,2.0,12.0,3.0,46.88,33.66,129.0
2026-02-13,44.22,56.47,40.29,26.05,905.96,69.96,22.44,69.08,7.43,122.0,52.0,122.0,2.0,13.0,4.0,39.11,46.88,110.0
2026-02-14,25.79,32.59,28.25,18.82,739.29,67.46,21.98,77.79,6.68,80.0,30.0,80.0,2.0,14.0,5.0,44.22,39.11,122.0
2026-02-15,33.26,54.07,26.35,17.33,527.17,61.46,21.96,84.62,7.38,95.0,51.0,95.0,2.0,15.0,6.0,25.79,44.22,80.0
2026-02-16,31.88,52.18,22.87,14.08,458.21,65.46,22.57,75.58,9.95,93.0,48.0,93.0,2.0,16.0,0.0,33.26,25.79,95.0
2026-02-17,30.87,53.4,27.46,20.99,865.54,73.08,21.91,75.38,5.66,90.0,49.0,90.0,2.0,17.0,1.0,31.88,33.26,93.0
2026-02-18,32.35,48.4,25.96,18.68,656.5,94.46,21.73,57.25,8.78,94.0,45.0,94.0,2.0,18.0,2.0,30.87,31.88,90.0
2026-02-19,26.92,38.4,19.7,12.57,566.75,97.88,24.88,39.71,12.28,82.0,36.0,82.0,2.0,19.0,3.0,32.35,30.87,94.0
2026-02-20,25.73,40.83,14.32,10.62,484.88,107.71,26.07,33.12,13.02,80.0,38.0,80.0,2.0,20.0,4.0,26.92,32.35,82.0
2026-02-21,34.57,80.94,17.83,16.71,554.17,125.42,25.59,38.04,10.56,98.0,64.0,98.0,2.0,21.0,5.0,25.73,26.92,80.0
2026-02-22,30.97,49.99,24.58,16.72,548.54,102.38,23.71,69.46,9.77,91.0,46.0,91.0,2.0,22.0,6.0,34.57,25.73,98.0
2026-02-23,33.97,61.89,25.9,16.64,641.21,88.79,23.66,75.04,7.82,97.0,54.0,97.0,2.0,23.0,0.0,30.97,34.57,91.0
2026-02-24,32.58,62.95,25.93,14.46,819.67,76.08,23.95,70.12,7.29,94.0,55.0,94.0,2.0,24.0,1.0,33.97,30.97,97.0
2026-02-25,27.91,37.72,28.72,18.89,699.29,74.12,24.17,65.79,7.59,84.0,35.0,84.0,2.0,25.0,2.0,32.58,33.97,94.0
2026-02-26,22.49,29.92,20.68,13.55,545.46,77.38,24.67,69.58,8.79,73.0,28.0,73.0,2.0,26.0,3.0,27.91,32.58,84.0
2026-02-27,23.98,40.58,16.62,12.84,386.0,85.79,24.3,70.67,12.0,76.0,38.0,76.0,2.0,27.0,4.0,22.49,27.91,73.0
2026-02-28,26.35,62.93,18.56,13.17,401.29,90.54,24.35,74.12,10.7,81.0,55.0,81.0,2.0,28.0,5.0,23.98,22.49,76.0
2026-03-01,26.29,44.64,22.19,16.55,479.67,84.17,23.46,78.21,8.05,81.0,41.0,81.0,3.0,1.0,6.0,26.35,23.98,81.0
2026-03-02,28.27,47.05,26.83,17.19,509.46,85.33,23.64,79.96,7.77,85.0,44.0,85.0,3.0,2.0,0.0,26.29,26.35,81.0
2026-03-03,28.15,47.26,28.64,19.42,570.96,79.25,24.15,74.79,7.67,85.0,44.0,85.0,3.0,3.0,1.0,28.27,26.29,85.0
2026-03-04,25.46,43.4,21.98,15.12,382.58,74.33,23.18,75.96,9.32,79.0,40.0,79.0,3.0,4.0,2.0,28.15,28.27,85.0
2026-03-05,15.25,22.39,14.88,10.88,332.92,76.54,23.68,74.62,12.89,58.0,21.0,58.0,3.0,5.0,3.0,25.46,28.15,79.0
2026-03-06,23.12,50.05,13.91,10.84,306.08,70.5,24.97,79.25,13.27,74.0,46.0,74.0,3.0,6.0,4.0,15.25,25.46,58.0
2026-03-07,33.34,88.25,20.27,13.99,508.79,80.67,25.17,81.62,8.3,96.0,67.0,96.0,3.0,7.0,5.0,23.12,15.25,74.0
2026-03-08,35.47,60.15,30.29,17.09,515.29,87.38,24.28,84.33,6.23,101.0,54.0,101.0,3.0,8.0,6.0,33.34,23.12,96.0
2026-03-09,35.68,65.1,36.13,19.5,540.79,68.12,25.34,74.21,6.63,101.0,56.0,101.0,3.0,9.0,0.0,35.47,33.34,101.0
2026-03-10,26.35,47.92,28.92,15.87,430.21,65.0,25.45,72.17,8.34,81.0,44.0,81.0,3.0,10.0,1.0,35.68,35.47,101.0
2026-03-11,35.12,83.9,22.95,14.1,467.83,64.75,24.94,80.5,8.88,99.0,65.0,99.0,3.0,11.0,2.0,26.35,35.68,81.0
2026-03-12,43.74,107.53,19.64,12.32,462.46,71.62,27.78,51.83,10.3,121.0,77.0,121.0,3.0,12.0,3.0,35.12,26.35,99.0
2026-03-13,54.32,148.16,23.81,20.05,707.42,73.62,26.86,50.21,9.35,147.0,97.0,147.0,3.0,13.0,4.0,43.74,35.12,121.0
2026-03-14,31.74,79.82,17.28,12.59,459.33,77.88,27.01,56.79,11.48,92.0,63.0,92.0,3.0,14.0,5.0,54.32,43.74,147.0
2026-03-15,18.87,46.48,15.89,10.52,451.58,86.08,28.38,46.0,11.61,65.0,43.0,65.0,3.0,15.0,6.0,31.74,54.32,92.0
2026-03-16,19.75,55.6,15.85,11.24,408.58,82.96,27.88,47.46,11.86,67.0,51.0,67.0,3.0,16.0,0.0,18.87,31.74,65.0
2026-03-17,17.84,38.31,19.18,13.51,441.25,80.0,25.88,73.25,9.68,63.0,35.0,63.0,3.0,17.0,1.0,19.75,18.87,67.0
2026-03-18,23.7,37.94,22.83,17.98,719.04,66.67,25.79,80.71,7.64,75.0,35.0,75.0,3.0,18.0,2.0,17.84,19.75,63.0
2026-03-19,28.89,68.18,30.1,20.32,861.96,65.29,22.88,77.08,5.1,86.0,58.0,86.0,3.0,19.0,3.0,23.7,17.84,75.0
2026-03-20,30.87,73.95,31.36,19.11,698.0,64.25,23.15,74.12,6.59,90.0,60.0,90.0,3.0,20.0,4.0,28.89,23.7,86.0
2026-03-21,22.65,41.42,21.45,14.75,486.79,59.96,25.27,77.54,8.72,73.0,38.0,73.0,3.0,21.0,5.0,30.87,28.89,90.0
2026-03-22,25.73,36.02,23.75,18.87,472.38,57.62,25.31,77.38,7.53,80.0,33.0,80.0,3.0,22.0,6.0,22.65,30.87,73.0
2026-03-23,14.78,21.33,17.47,14.95,349.08,65.25,26.05,71.71,10.02,57.0,20.0,57.0,3.0,23.0,0.0,25.73,22.65,80.0
2026-03-24,14.15,23.33,16.5,15.39,368.54,68.42,26.42,75.58,9.64,55.0,22.0,55.0,3.0,24.0,1.0,14.78,25.73,57.0
2026-03-25,20.6,49.87,16.41,13.07,377.38,52.46,26.85,68.5,11.14,69.0,46.0,69.0,3.0,25.0,2.0,14.15,14.78,55.0
2026-03-26,23.66,43.8,21.71,16.14,332.29,53.25,26.74,66.62,9.77,75.0,41.0,75.0,3.0,26.0,3.0,20.6,14.15,69.0
2026-03-27,13.44,20.98,13.38,14.5,344.67,62.04,26.64,74.46,10.78,54.0,19.0,54.0,3.0,27.0,4.0,23.66,20.6,75.0
2026-03-28,8.06,21.6,6.76,8.53,204.54,57.04,26.77,69.88,19.39,34.0,20.0,34.0,3.0,28.0,5.0,13.44,23.66,54.0
2026-03-29,17.89,47.13,7.76,9.53,248.88,110.75,26.49,58.92,18.07,63.0,44.0,63.0,3.0,29.0,6.0,8.06,13.44,34.0
2026-03-30,19.25,42.26,9.36,11.05,276.25,119.96,25.67,53.79,14.56,66.0,39.0,66.0,3.0,30.0,0.0,17.89,8.06,63.0
2026-03-31,23.65,50.0,11.82,12.42,338.29,115.33,25.24,55.0,11.71,75.0,46.0,75.0,3.0,31.0,1.0,19.25,17.89,66.0
2026-04-01,20.74,40.55,14.1,13.85,347.5,100.75,25.82,61.5,11.58,69.0,38.0,69.0,4.0,1.0,2.0,23.65,19.25,75.0
2026-04-02,22.48,59.89,16.88,16.3,388.96,73.46,22.56,81.25,7.5,73.0,53.0,73.0,4.0,2.0,3.0,20.74,23.65,69.0
2026-04-03,15.17,26.47,18.37,19.43,605.83,74.88,21.85,74.42,8.53,57.0,25.0,57.0,4.0,3.0,4.0,22.48,20.74,73.0
2026-04-04,16.4,27.97,17.31,12.21,454.42,97.54,24.18,65.71,9.93,60.0,26.0,60.0,4.0,4.0,5.0,15.17,22.48,57.0
2026-04-05,18.54,27.2,20.11,14.87,516.21,93.04,24.64,67.29,8.72,65.0,25.0,65.0,4.0,5.0,6.0,16.4,15.17,60.0
2026-04-06,21.55,48.13,14.24,10.07,364.92,77.75,25.68,72.67,14.87,71.0,45.0,71.0,4.0,6.0,0.0,18.54,16.4,65.0
2026-04-07,22.6,51.71,8.94,9.23,292.04,90.92,26.4,72.71,17.41,73.0,48.0,73.0,4.0,7.0,1.0,21.55,18.54,71.0
2026-04-08,29.98,60.54,15.43,16.57,528.5,123.29,25.77,76.04,8.64,89.0,54.0,89.0,4.0,8.0,2.0,22.6,21.55,73.0
2026-04-09,40.5,81.45,22.28,18.73,674.54,109.88,25.58,77.38,7.32,113.0,64.0,113.0,4.0,9.0,3.0,29.98,22.6,89.0
2026-04-10,31.09,63.75,20.59,18.35,571.96,102.71,27.22,64.58,8.03,91.0,55.0,91.0,4.0,10.0,4.0,40.5,29.98,113.0
2026-04-11,38.75,105.3,15.66,12.32,378.67,89.29,27.92,65.75,10.77,109.0,76.0,109.0,4.0,11.0,5.0,31.09,40.5,91.0
2026-04-12,37.71,114.41,18.59,15.62,589.04,97.75,28.44,59.79,8.51,106.0,80.0,106.0,4.0,12.0,6.0,38.75,31.09,109.0
2026-04-13,30.59,81.66,12.47,10.2,378.25,89.46,28.34,62.38,11.41,90.0,64.0,90.0,4.0,13.0,0.0,37.71,38.75,106.0
2026-04-14,32.48,107.72,12.15,9.93,394.96,97.71,28.59,62.29,11.05,94.0,77.0,94.0,4.0,14.0,1.0,30.59,37.71,90.0
2026-04-15,29.74,67.95,18.55,13.87,449.92,108.12,27.6,71.33,8.93,88.0,57.0,88.0,4.0,15.0,2.0,32.48,30.59,94.0
2026-04-16,18.9,31.85,15.95,12.13,347.42,103.42,27.2,64.79,11.86,65.0,29.0,65.0,4.0,16.0,3.0,29.74,32.48,88.0
2026-04-17,23.02,46.88,18.32,11.72,372.5,97.04,28.3,63.17,11.2,74.0,43.0,74.0,4.0,17.0,4.0,18.9,29.74,65.0
2026-04-18,24.13,70.6,17.09,13.2,355.46,97.58,26.62,70.62,10.83,76.0,59.0,76.0,4.0,18.0,5.0,23.02,18.9,74.0
2026-04-19,20.3,37.28,16.91,13.88,396.08,104.42,26.82,72.12,10.26,68.0,35.0,68.0,4.0,19.0,6.0,24.13,23.02,76.0
2026-04-20,22.45,46.33,15.65,13.75,326.38,101.21,27.19,75.5,10.47,73.0,43.0,73.0,4.0,20.0,0.0,20.3,24.13,68.0
2026-04-21,21.1,48.69,15.38,12.34,310.42,73.79,27.12,73.88,11.28,70.0,45.0,70.0,4.0,21.0,1.0,22.45,20.3,73.0
2026-04-22,15.64,28.99,12.42,11.03,267.79,62.83,27.39,79.04,11.99,58.0,27.0,58.0,4.0,22.0,2.0,21.1,22.45,70.0
2026-04-23,15.46,26.74,12.32,11.28,276.92,66.33,27.98,78.54,11.91,58.0,25.0,58.0,4.0,23.0,3.0,15.64,21.1,58.0
2026-04-24,18.04,33.46,15.58,12.72,294.17,63.25,28.0,81.67,10.12,63.0,31.0,63.0,4.0,24.0,4.0,15.46,15.64,58.0
2026-04-25,22.21,48.0,18.42,13.54,343.29,75.67,28.48,77.96,9.01,72.0,44.0,72.0,4.0,25.0,5.0,18.04,15.46,63.0
2026-04-26,21.17,44.83,17.68,11.42,375.08,78.54,30.05,64.33,10.54,70.0,42.0,70.0,4.0,26.0,6.0,22.21,18.04,72.0
2026-04-27,19.22,39.66,14.33,10.42,377.62,81.38,29.52,70.12,11.09,66.0,37.0,66.0,4.0,27.0,0.0,21.17,22.21,70.0
2026-04-28,18.68,38.62,10.83,9.49,325.5,100.0,29.76,68.25,13.0,65.0,36.0,65.0,4.0,28.0,1.0,19.22,21.17,66.0
2026-04-29,26.85,60.7,13.41,12.3,377.75,101.79,29.47,74.54,9.4,82.0,54.0,82.0,4.0,29.0,2.0,18.68,19.22,65.0
2026-04-30,25.32,55.68,12.96,10.74,331.5,99.62,29.87,72.38,10.2,79.0,51.0,79.0,4.0,30.0,3.0,26.85,18.68,82.0
2026-05-01,26.55,80.15,11.98,9.26,344.29,94.54,31.46,59.71,13.0,81.0,63.0,81.0,5.0,1.0,4.0,25.32,26.85,79.0
2026-05-02,28.85,91.36,9.38,7.9,303.5,103.17,31.7,53.17,15.45,86.0,69.0,86.0,5.0,2.0,5.0,26.55,25.32,81.0
2026-05-03,24.14,74.45,13.14,10.09,414.88,117.17,31.66,56.92,11.44,76.0,61.0,76.0,5.0,3.0,6.0,28.85,26.55,86.0
2026-05-04,41.7,197.42,15.34,10.55,387.79,105.46,34.24,29.5,12.23,116.0,122.0,122.0,5.0,4.0,0.0,24.14,28.85,76.0
2026-05-05,36.4,126.32,20.01,13.7,492.21,96.46,30.35,62.96,9.85,103.0,86.0,103.0,5.0,5.0,1.0,41.7,24.14,122.0
2026-05-06,31.24,79.08,21.87,16.38,433.46,68.88,28.88,77.75,8.91,91.0,63.0,91.0,5.0,6.0,2.0,36.4,41.7,103.0
2026-05-07,19.12,43.31,11.76,11.28,267.58,70.58,29.07,79.62,13.4,66.0,40.0,66.0,5.0,7.0,3.0,31.24,36.4,91.0
2026-05-08,18.7,37.05,12.35,13.89,297.71,74.75,29.34,80.38,10.52,65.0,34.0,65.0,5.0,8.0,4.0,19.12,31.24,66.0
2026-05-09,19.5,40.57,15.5,14.97,287.04,68.04,29.29,80.67,9.78,67.0,38.0,67.0,5.0,9.0,5.0,18.7,19.12,65.0
2026-05-10,20.03,44.34,13.91,13.12,275.0,71.75,29.4,78.88,11.09,68.0,41.0,68.0,5.0,10.0,6.0,19.5,18.7,67.0
2026-05-11,20.54,42.6,15.47,13.77,286.46,76.04,29.61,79.79,10.72,69.0,39.0,69.0,5.0,11.0,0.0,20.03,19.5,68.0
2026-05-12,24.1,61.15,18.2,15.82,328.58,80.79,30.73,74.33,9.07,76.0,54.0,76.0,5.0,12.0,1.0,20.54,20.03,69.0
2026-05-13,28.58,63.41,17.55,7.84,430.29,81.96,31.85,60.88,11.87,86.0,55.0,86.0,5.0,13.0,2.0,24.1,20.54,76.0
2026-05-14,12.87,22.53,8.08,4.63,216.75,64.62,30.04,72.96,16.53,53.0,21.0,53.0,5.0,14.0,3.0,28.58,24.1,86.0
2026-05-15,12.2,29.18,7.55,4.57,203.96,56.12,30.07,73.21,15.24,51.0,27.0,51.0,5.0,15.0,4.0,12.87,28.58,53.0
2026-05-16,19.13,54.72,9.8,5.67,229.29,65.83,29.85,73.25,11.57,66.0,51.0,66.0,5.0,16.0,5.0,12.2,12.87,51.0
2026-05-17,22.81,67.68,7.98,5.34,185.42,66.33,29.6,71.08,13.42,74.0,57.0,74.0,5.0,17.0,6.0,19.13,12.2,66.0
2026-05-18,22.33,56.47,6.61,4.52,189.04,61.96,29.28,73.17,16.96,73.0,52.0,73.0,5.0,18.0,0.0,22.81,19.13,74.0
2026-05-19,19.83,50.0,7.25,4.62,201.08,63.21,30.11,76.0,16.76,67.0,46.0,67.0,5.0,19.0,1.0,22.33,22.81,73.0
2026-05-20,23.68,59.0,8.82,5.33,223.58,76.04,29.93,76.67,14.48,75.0,53.0,75.0,5.0,20.0,2.0,19.83,22.33,67.0
2026-05-21,32.33,89.66,7.63,5.19,210.83,71.04,30.05,74.58,14.72,94.0,68.0,94.0,5.0,21.0,3.0,23.68,19.83,75.0
2026-05-22,41.91,123.58,8.11,5.88,225.29,66.83,30.03,75.17,12.56,117.0,85.0,117.0,5.0,22.0,4.0,32.33,23.68,94.0
2026-05-23,40.87,106.75,7.81,5.45,215.04,77.08,29.75,72.88,12.99,114.0,77.0,114.0,5.0,23.0,5.0,41.91,32.33,117.0
2026-05-24,36.62,93.84,5.08,4.23,165.08,70.5,29.84,72.29,17.0,104.0,70.0,104.0,5.0,24.0,6.0,40.87,41.91,114.0
2026-05-25,27.28,69.63,7.14,4.68,196.5,61.75,30.19,76.79,16.45,83.0,58.0,83.0,5.0,25.0,0.0,36.62,40.87,104.0
2026-05-26,21.14,47.25,9.4,5.64,230.54,66.5,30.49,79.83,12.56,70.0,44.0,70.0,5.0,26.0,1.0,27.28,36.62,83.0
2026-05-27,21.21,43.32,10.04,5.84,230.54,62.17,30.28,80.67,13.21,70.0,40.0,70.0,5.0,27.0,2.0,21.14,27.28,70.0
2026-05-28,22.77,44.55,8.42,5.04,206.58,60.83,30.47,81.25,15.43,73.0,41.0,73.0,5.0,28.0,3.0,21.21,21.14,70.0
2026-05-29,22.66,45.4,8.29,4.95,220.54,63.92,30.92,79.42,15.06,73.0,42.0,73.0,5.0,29.0,4.0,22.77,21.21,73.0
2026-05-30,161.0,37.68,7.79,4.49,220.25,62.38,31.0,3.0,5.1,211.0,35.0,161.0,5.0,30.0,5.0,161.0,22.66,161.0
2026-05-31,161.0,36.87,5.76,4.75,170.46,57.54,31.0,3.0,5.1,211.0,34.0,161.0,5.0,31.0,6.0,161.0,161.0,161.0
<<<<<<< HEAD,,,,,,,,,,,,,,,,,,
2026-06-01,161.0,48.18,7.62,5.88,201.5,64.75,31.0,3.0,5.1,211.0,45.0,211.0,6.0,1.0,0.0,20.08,21.16,68.0
2026-06-02,161.0,59.99,12.05,8.11,245.58,66.08,31.0,3.0,5.1,211.0,53.0,211.0,6.0,2.0,1.0,25.4,20.08,79.0
2026-06-03,161.0,67.63,11.13,7.99,243.62,61.12,31.0,3.0,5.1,211.0,57.0,211.0,6.0,3.0,2.0,30.62,25.4,90.0
2026-06-04,161.0,74.14,8.21,5.76,212.0,67.71,31.0,3.0,5.1,211.0,60.0,211.0,6.0,4.0,3.0,29.39,30.62,87.0
2026-06-05,161.0,81.52,9.33,6.24,230.12,71.88,31.0,3.0,5.1,211.0,64.0,211.0,6.0,5.0,4.0,32.75,29.39,94.0
2026-06-06,161.0,63.58,8.62,5.68,213.21,66.79,31.0,3.0,5.1,211.0,55.0,211.0,6.0,6.0,5.0,31.29,32.75,91.0
=======,,,,,,,,,,,,,,,,,,
2026-06-01,161.0,48.18,7.62,5.88,193.04,64.75,31.0,3.0,5.1,211.0,45.0,161.0,6.0,1.0,0.0,161.0,161.0,161.0
2026-06-06,161.0,63.58,8.62,5.68,213.21,66.79,31.0,3.0,5.1,211.0,55.0,211.0,6.0,6.0,5.0,31.29,32.75,91.0
>>>>>>> dc3d98a (final commit),,,,,,,,,,,,,,,,,,
2026-06-07,161.0,72.03,5.82,4.76,170.75,73.25,31.0,3.0,5.1,211.0,59.0,211.0,6.0,7.0,6.0,24.96,31.29,78.0
2026-06-08,161.0,70.73,7.31,4.98,199.0,74.54,31.0,3.0,5.1,211.0,59.0,211.0,6.0,8.0,0.0,27.42,24.96,83.0
2026-06-09,161.0,44.95,7.52,4.76,200.25,61.96,31.0,3.0,5.1,211.0,42.0,211.0,6.0,9.0,1.0,27.34,27.42,83.0
2026-06-10,161.0,50.13,8.78,4.78,211.42,61.71,31.0,3.0,5.1,211.0,46.0,211.0,6.0,10.0,2.0,20.32,27.34,68.0
2026-06-11,161.0,106.09,9.52,5.22,233.38,76.5,31.0,3.0,5.1,211.0,76.0,211.0,6.0,11.0,3.0,21.1,20.32,70.0
2026-06-12,161.0,64.26,7.48,4.61,203.75,64.58,31.0,3.0,5.1,211.0,56.0,211.0,6.0,12.0,4.0,35.06,21.1,99.0
2026-06-13,161.0,62.42,6.13,4.08,174.96,57.25,31.0,3.0,5.1,211.0,55.0,211.0,6.0,13.0,5.0,23.2,35.06,74.0
2026-06-14,161.0,37.75,4.96,4.06,145.54,55.58,31.0,3.0,5.1,211.0,35.0,211.0,6.0,14.0,6.0,21.88,23.2,72.0
2026-06-15,161.0,33.63,5.81,4.23,171.58,55.67,31.0,3.0,5.1,211.0,31.0,211.0,6.0,15.0,0.0,15.25,21.88,58.0
2026-06-16,161.0,44.85,7.16,5.09,196.67,55.42,31.0,3.0,5.1,211.0,42.0,211.0,6.0,16.0,1.0,14.61,15.25,56.0
2026-06-17,161.0,53.08,8.28,5.34,194.25,54.42,31.0,3.0,5.1,211.0,49.0,211.0,6.0,17.0,2.0,19.92,14.61,67.0
2026-06-18,161.0,52.68,8.57,5.55,195.96,53.62,31.0,3.0,5.1,211.0,49.0,211.0,6.0,18.0,3.0,22.14,19.92,72.0
2026-06-19,161.0,51.85,7.67,5.29,192.08,54.29,31.0,3.0,5.1,211.0,48.0,211.0,6.0,19.0,4.0,22.25,22.14,72.0
2026-06-20,161.0,58.5,7.29,4.86,188.29,53.67,31.0,3.0,5.1,211.0,53.0,211.0,6.0,20.0,5.0,24.01,22.25,76.0
2026-06-21,161.0,46.83,4.97,4.44,155.79,56.54,31.0,3.0,5.1,211.0,43.0,211.0,6.0,21.0,6.0,21.65,24.01,71.0
2026-06-22,161.0,59.02,6.02,4.62,177.46,54.88,31.0,3.0,5.1,211.0,53.0,211.0,6.0,22.0,0.0,19.07,21.65,66.0
2026-06-23,161.0,56.46,6.54,4.67,183.0,54.38,31.0,3.0,5.1,211.0,52.0,211.0,6.0,23.0,1.0,24.23,19.07,77.0
2026-06-24,161.0,48.57,6.08,4.2,184.04,51.67,31.0,3.0,5.1,211.0,45.0,211.0,6.0,24.0,2.0,23.26,24.23,74.0
2026-06-25,161.0,39.88,6.73,4.6,190.42,54.08,31.0,3.0,5.1,211.0,37.0,211.0,6.0,25.0,3.0,20.75,23.26,69.0
2026-06-26,161.0,46.14,7.65,5.4,198.0,53.25,31.0,3.0,5.1,211.0,43.0,211.0,6.0,26.0,4.0,18.04,20.75,63.0
2026-06-27,161.0,44.39,7.76,5.54,196.33,57.04,31.0,3.0,5.1,211.0,41.0,211.0,6.0,27.0,5.0,19.85,18.04,67.0
2026-06-28,161.0,49.34,5.17,4.45,154.83,56.21,31.0,3.0,5.1,211.0,46.0,211.0,6.0,28.0,6.0,19.14,19.85,66.0
2026-06-29,161.0,60.7,5.87,4.37,174.29,56.04,31.0,3.0,5.1,211.0,54.0,211.0,6.0,29.0,0.0,21.04,19.14,70.0
2026-06-30,161.0,51.36,6.84,4.62,186.42,54.04,31.0,3.0,5.1,211.0,48.0,211.0,6.0,30.0,1.0,25.48,21.04,79.0
2026-07-01,161.0,45.3,8.01,5.03,199.21,53.08,31.0,3.0,5.1,211.0,42.0,211.0,7.0,1.0,2.0,22.25,25.48,72.0
2026-07-02,161.0,54.0,9.35,5.92,206.33,49.17,31.0,3.0,5.1,211.0,51.0,211.0,7.0,2.0,3.0,19.89,22.25,67.0
2026-07-03,161.0,55.43,8.42,5.77,193.96,53.75,31.0,3.0,5.1,211.0,51.0,211.0,7.0,3.0,4.0,23.27,19.89,74.0
2026-07-04,161.0,82.63,7.2,5.15,183.79,59.67,31.0,3.0,5.1,211.0,65.0,211.0,7.0,4.0,5.0,23.53,23.27,75.0
2026-07-05,161.0,94.18,5.92,5.34,154.33,64.58,31.0,3.0,5.1,211.0,70.0,211.0,7.0,5.0,6.0,31.48,23.53,92.0
2026-07-06,161.0,87.03,8.81,6.86,207.17,65.83,31.0,3.0,5.1,211.0,67.0,211.0,7.0,6.0,0.0,36.51,31.48,103.0
2026-07-07,161.0,57.24,11.45,7.7,249.46,71.33,31.0,3.0,5.1,211.0,52.0,211.0,7.0,7.0,1.0,36.4,36.51,103.0
2026-07-08,161.0,67.07,8.75,5.94,216.75,66.5,31.0,3.0,5.1,211.0,57.0,211.0,7.0,8.0,2.0,27.4,36.4,83.0
2026-07-09,161.0,57.63,7.16,5.13,189.92,56.67,31.0,3.0,5.1,211.0,52.0,211.0,7.0,9.0,3.0,28.82,27.4,86.0
2026-07-10,161.0,52.9,5.72,4.4,177.12,53.33,31.0,3.0,5.1,211.0,49.0,211.0,7.0,10.0,4.0,24.52,28.82,77.0
2026-07-11,161.0,49.9,5.6,3.94,181.17,55.08,31.0,3.0,5.1,211.0,46.0,211.0,7.0,11.0,5.0,23.32,24.52,75.0
2026-07-12,161.0,67.57,5.51,4.17,167.75,59.12,31.0,3.0,5.1,211.0,57.0,211.0,7.0,12.0,6.0,21.05,23.32,70.0
2026-07-13,161.0,53.44,5.85,4.12,179.67,52.92,31.0,3.0,5.1,211.0,49.0,211.0,7.0,13.0,0.0,25.02,21.05,78.0
2026-07-14,161.0,55.28,7.87,4.99,195.08,45.96,31.0,3.0,5.1,211.0,51.0,211.0,7.0,14.0,1.0,21.9,25.02,72.0
2026-07-15,161.0,54.18,8.74,5.83,205.58,46.46,31.0,3.0,5.1,211.0,51.0,211.0,7.0,15.0,2.0,21.23,21.9,70.0
2026-07-16,161.0,52.91,9.97,6.85,214.46,46.21,31.0,3.0,5.1,211.0,49.0,211.0,7.0,16.0,3.0,22.61,21.23,73.0
2026-07-17,161.0,43.0,8.65,5.88,201.54,46.96,31.0,3.0,5.1,211.0,40.0,211.0,7.0,17.0,4.0,21.0,22.61,70.0
2026-07-18,161.0,35.47,7.1,4.68,186.88,50.38,31.0,3.0,5.1,211.0,33.0,211.0,7.0,18.0,5.0,19.32,21.0,66.0
2026-07-19,161.0,48.47,6.4,5.02,168.42,53.04,31.0,3.0,5.1,211.0,45.0,211.0,7.0,19.0,6.0,16.38,19.32,60.0
2026-07-20,161.0,46.8,8.51,5.9,210.29,51.83,31.0,3.0,5.1,211.0,43.0,211.0,7.0,20.0,0.0,19.94,16.38,67.0
2026-07-21,161.0,48.33,10.78,6.86,246.0,46.75,31.0,3.0,5.1,211.0,45.0,211.0,7.0,21.0,1.0,20.74,19.94,69.0
2026-07-22,161.0,57.1,11.78,8.1,255.58,49.12,31.0,3.0,5.1,211.0,52.0,211.0,7.0,22.0,2.0,21.03,20.74,70.0
2026-07-23,161.0,66.82,10.29,9.42,297.04,63.62,31.0,3.0,5.1,211.0,57.0,211.0,7.0,23.0,3.0,23.1,21.03,74.0
2026-07-24,161.0,74.36,11.37,8.54,256.25,58.5,31.0,3.0,5.1,211.0,61.0,211.0,7.0,24.0,4.0,27.16,23.1,83.0
2026-07-25,161.0,70.66,10.63,7.33,218.46,51.38,31.0,3.0,5.1,211.0,59.0,211.0,7.0,25.0,5.0,27.48,27.16,83.0
2026-07-26,161.0,80.25,7.79,6.95,174.71,60.71,31.0,3.0,5.1,211.0,63.0,211.0,7.0,26.0,6.0,26.14,27.48,81.0
2026-07-27,161.0,83.39,7.2,5.62,186.21,58.46,31.0,3.0,5.1,211.0,65.0,211.0,7.0,27.0,0.0,26.34,26.14,81.0
2026-07-28,161.0,58.64,7.42,5.3,198.12,58.96,31.0,3.0,5.1,211.0,53.0,211.0,7.0,28.0,1.0,27.68,26.34,84.0
2026-07-29,161.0,56.56,9.02,5.68,222.5,61.38,31.0,3.0,5.1,211.0,52.0,211.0,7.0,29.0,2.0,22.21,27.68,72.0
2026-07-30,161.0,66.88,11.7,7.96,267.58,71.5,31.0,3.0,5.1,211.0,57.0,211.0,7.0,30.0,3.0,24.88,22.21,78.0
2026-07-31,161.0,70.76,14.25,9.23,280.75,75.04,31.0,3.0,5.1,211.0,59.0,211.0,7.0,31.0,4.0,27.18,24.88,83.0
2026-08-01,161.0,73.68,14.99,9.39,258.54,58.33,31.0,3.0,5.1,211.0,60.0,211.0,8.0,1.0,5.0,30.75,27.18,90.0
2026-08-02,161.0,62.32,6.23,5.31,181.58,54.04,31.0,3.0,5.1,211.0,55.0,211.0,8.0,2.0,6.0,28.81,30.75,86.0
2026-08-03,161.0,66.03,10.9,6.03,211.12,44.04,31.0,3.0,5.1,211.0,56.0,211.0,8.0,3.0,0.0,23.8,28.81,76.0
2026-08-04,161.0,64.44,9.68,6.02,214.29,54.5,31.0,3.0,5.1,211.0,56.0,211.0,8.0,4.0,1.0,27.1,23.8,83.0
2026-08-05,161.0,53.73,8.1,5.2,202.54,57.92,31.0,3.0,5.1,211.0,50.0,211.0,8.0,5.0,2.0,26.24,27.1,81.0
2026-08-06,161.0,55.1,7.75,5.05,199.5,55.67,31.0,3.0,5.1,211.0,51.0,211.0,8.0,6.0,3.0,25.83,26.24,80.0
2026-08-07,161.0,48.2,8.19,5.26,205.33,53.62,31.0,3.0,5.1,211.0,45.0,211.0,8.0,7.0,4.0,24.34,25.83,77.0
2026-08-08,161.0,55.07,8.45,5.8,208.04,51.33,31.0,3.0,5.1,211.0,51.0,211.0,8.0,8.0,5.0,21.9,24.34,72.0
2026-08-09,161.0,51.14,7.28,6.1,168.71,56.83,31.0,3.0,5.1,211.0,47.0,211.0,8.0,9.0,6.0,23.63,21.9,75.0
2026-08-10,161.0,44.72,7.18,5.02,183.83,54.38,31.0,3.0,5.1,211.0,41.0,211.0,8.0,10.0,0.0,22.22,23.63,72.0
2026-08-11,161.0,50.94,7.87,4.95,200.62,50.88,31.0,3.0,5.1,211.0,47.0,211.0,8.0,11.0,1.0,19.34,22.22,66.0
2026-08-12,161.0,44.26,9.15,5.95,224.17,55.79,31.0,3.0,5.1,211.0,41.0,211.0,8.0,12.0,2.0,23.19,19.34,74.0
2026-08-13,161.0,46.61,8.06,5.48,201.25,56.29,31.0,3.0,5.1,211.0,43.0,211.0,8.0,13.0,3.0,21.78,23.19,71.0
2026-08-14,161.0,46.85,7.78,4.71,196.21,51.96,31.0,3.0,5.1,211.0,43.0,211.0,8.0,14.0,4.0,21.6,21.78,71.0
2026-08-15,161.0,41.76,8.95,5.2,205.96,50.79,31.0,3.0,5.1,211.0,39.0,211.0,8.0,15.0,5.0,22.31,21.6,72.0
2026-08-16,161.0,43.24,6.84,4.9,162.42,52.92,31.0,3.0,5.1,211.0,40.0,211.0,8.0,16.0,6.0,20.78,22.31,69.0
2026-08-17,161.0,41.92,7.17,4.79,188.71,52.25,31.0,3.0,5.1,211.0,39.0,211.0,8.0,17.0,0.0,19.89,20.78,67.0
2026-08-18,161.0,34.76,7.43,4.75,195.79,49.17,31.0,3.0,5.1,211.0,32.0,211.0,8.0,18.0,1.0,19.88,19.89,67.0
2026-08-19,161.0,28.92,7.12,4.43,188.67,45.42,31.0,3.0,5.1,211.0,27.0,211.0,8.0,19.0,2.0,17.7,19.88,63.0
2026-08-20,161.0,34.83,7.61,4.7,197.83,43.04,31.0,3.0,5.1,211.0,32.0,211.0,8.0,20.0,3.0,14.95,17.7,57.0
2026-08-21,161.0,40.19,7.82,4.84,199.08,46.29,31.0,3.0,5.1,211.0,37.0,211.0,8.0,21.0,4.0,15.33,14.95,58.0
2026-08-22,161.0,44.11,7.4,4.4,203.58,48.0,31.0,3.0,5.1,211.0,41.0,211.0,8.0,22.0,5.0,17.1,15.33,62.0
2026-08-23,161.0,58.62,7.16,5.17,189.79,50.0,31.0,3.0,5.1,211.0,53.0,211.0,8.0,23.0,6.0,19.05,17.1,66.0
2026-08-24,161.0,87.12,9.92,7.08,238.58,59.58,31.0,3.0,5.1,211.0,67.0,211.0,8.0,24.0,0.0,23.57,19.05,75.0
2026-08-25,161.0,80.72,9.87,6.83,229.08,55.12,31.0,3.0,5.1,211.0,64.0,211.0,8.0,25.0,1.0,30.67,23.57,90.0
2026-08-26,161.0,79.68,9.03,5.78,206.96,54.33,31.0,3.0,5.1,211.0,63.0,211.0,8.0,26.0,2.0,30.89,30.67,91.0
2026-08-27,161.0,54.14,7.89,4.79,197.79,52.83,31.0,3.0,5.1,211.0,51.0,211.0,8.0,27.0,3.0,31.66,30.89,92.0
2026-08-28,161.0,32.1,7.47,4.68,194.46,52.25,31.0,3.0,5.1,211.0,30.0,211.0,8.0,28.0,4.0,22.7,31.66,73.0
2026-08-29,161.0,32.03,7.38,4.11,189.12,48.58,31.0,3.0,5.1,211.0,30.0,211.0,8.0,29.0,5.0,16.89,22.7,61.0
2026-08-30,161.0,27.2,5.75,3.89,154.79,47.25,31.0,3.0,5.1,211.0,25.0,211.0,8.0,30.0,6.0,16.36,16.89,60.0
